id,slug_es,slug_pt,slug_en,idiomas,titulo_conceptual,intencion,padre,contenido,riesgo_canibalizacion,valor_seo,valor_turistico,valor_comercial,partnership,prioridad,fase,tipo,estado,puerta_publicacion
A01,/destinos/,/pt/destinos/,/en/destinos/,ES;PT-BR;EN,Destinos,orientación multi-destino,/,Distinguir Río/Búzios; no home nueva,alto: catálogo global; no desplazar Río,Cualitativo: intención y utilidad; no volumen/KD,Resuelve orientación multi-destino,autoridad y continuación pertinente,ver COMERCIAL/PARTNERS; no acuerdo activo,P1,V1,editorial,IMPLEMENTADO V1,QA ES/PT-BR/EN; precio y condiciones vigentes requieren Ernesto si comercial
A02,/destinos/buzios/,/pt/destinos/buzios/,/en/destinos/buzios/,ES;PT-BR;EN,Búzios 360,planificar estancia,/destinos/,"Perfil, mapa, decisiones y enlaces a tareas",alto: separar tour desde Río,Cualitativo: intención y utilidad; no volumen/KD,Resuelve planificar estancia,autoridad y continuación pertinente,ver COMERCIAL/PARTNERS; no acuerdo activo,P1,V1,editorial,IMPLEMENTADO V1,QA ES/PT-BR/EN; precio y condiciones vigentes requieren Ernesto si comercial
A03,/destinos/buzios/playas/,/pt/destinos/buzios/playas/,/en/destinos/buzios/playas/,ES;PT-BR;EN,Playas de Búzios,elegir playa,/destinos/buzios/,Matriz mar/acceso/estructura/movilidad; 23 entidades,"medio: resumen enlaza fichas, no repite texto",Cualitativo: intención y utilidad; no volumen/KD,Resuelve elegir playa,autoridad y continuación pertinente,ver COMERCIAL/PARTNERS; no acuerdo activo,P1,V1,editorial,IMPLEMENTADO V1,QA ES/PT-BR/EN; precio y condiciones vigentes requieren Ernesto si comercial
A04,/destinos/buzios/playas/geriba/,/pt/destinos/buzios/playas/geriba/,/en/destinos/buzios/playas/geriba/,ES;PT-BR;EN,Geribá,visitar playa,/destinos/buzios/playas/,Sector/acceso/surf/mar; no guía de hoteles duplicada,medio: zona hospedaje separada,Cualitativo: intención y utilidad; no volumen/KD,Resuelve visitar playa,autoridad y continuación pertinente,ver COMERCIAL/PARTNERS; no acuerdo activo,P1,V2,editorial,AGRUPADO EN A03 V1; URL INDIVIDUAL DIFERIDA,Profundidad y material propios antes de página individual
A05,/destinos/buzios/playas/joao-fernandes/,/pt/destinos/buzios/playas/joao-fernandes/,/en/destinos/buzios/playas/joao-fernandes/,ES;PT-BR;EN,João Fernandes y Fernandinho,visitar calas,/destinos/buzios/playas/,Accesos y elección snorkel vs buceo; sin garantías,medio: no segunda URL Fernandinho,Cualitativo: intención y utilidad; no volumen/KD,Resuelve visitar calas,autoridad y continuación pertinente,ver COMERCIAL/PARTNERS; no acuerdo activo,P1,V2,editorial,AGRUPADO EN A03 V1; URL INDIVIDUAL DIFERIDA,Profundidad y material propios antes de página individual
A06,/destinos/buzios/playas/ferradura/,/pt/destinos/buzios/playas/ferradura/,/en/destinos/buzios/playas/ferradura/,ES;PT-BR;EN,Ferradura,visitar playa en familia,/destinos/buzios/playas/,"Acceso, supervisión, recreación y transporte",medio: playa distinta de hospedaje,Cualitativo: intención y utilidad; no volumen/KD,Resuelve visitar playa en familia,autoridad y continuación pertinente,ver COMERCIAL/PARTNERS; no acuerdo activo,P1,V2,editorial,AGRUPADO EN A03 V1; URL INDIVIDUAL DIFERIDA,Profundidad y material propios antes de página individual
A07,/destinos/buzios/playas/azeda/,/pt/destinos/buzios/playas/azeda/,/en/destinos/buzios/playas/azeda/,ES;PT-BR;EN,Azeda y Azedinha,acceso y visita,/destinos/buzios/playas/,"Escaleras, capacidad, alternativa náutica condicionada",bajo: Azedinha agrupada,Cualitativo: intención y utilidad; no volumen/KD,Resuelve acceso y visita,autoridad y continuación pertinente,ver COMERCIAL/PARTNERS; no acuerdo activo,P1,V2,editorial,AGRUPADO EN A03 V1; URL INDIVIDUAL DIFERIDA,Profundidad y material propios antes de página individual
A08,/destinos/buzios/alojamiento/,/pt/destinos/buzios/alojamiento/,/en/destinos/buzios/alojamiento/,ES;PT-BR;EN,Dónde alojarse,elegir zona/tipo,/destinos/buzios/,12 áreas; casa vs pousada vs hotel; mapa verificable,alto: no competir con hospedaje Río,Cualitativo: intención y utilidad; no volumen/KD,Resuelve elegir zona/tipo,autoridad y continuación pertinente,ver COMERCIAL/PARTNERS; no acuerdo activo,P1,V1,editorial,IMPLEMENTADO V1,QA ES/PT-BR/EN; precio y condiciones vigentes requieren Ernesto si comercial
A09,/destinos/buzios/como-llegar/,/pt/destinos/buzios/como-llegar/,/en/destinos/buzios/como-llegar/,ES;PT-BR;EN,Cómo llegar a Búzios,resolver llegada,/destinos/buzios/,Río/GIG/SDU/Cabo Frio; fecha y punto; bus/privado/auto,"alto: guías Río explican llegada a Río, esta continuación a Búzios",Cualitativo: intención y utilidad; no volumen/KD,Resuelve resolver llegada,autoridad y continuación pertinente,ver COMERCIAL/PARTNERS; no acuerdo activo,P1,V1,editorial,IMPLEMENTADO V1,QA ES/PT-BR/EN; precio y condiciones vigentes requieren Ernesto si comercial
A10,/destinos/buzios/moverse/,/pt/destinos/buzios/moverse/,/en/destinos/buzios/moverse/,ES;PT-BR;EN,Moverse dentro de Búzios,movilidad local,/destinos/buzios/,"Vans, tramo final, taxi/app, barco, parqueo, regreso",medio: separado del traslado interurbano,Cualitativo: intención y utilidad; no volumen/KD,Resuelve movilidad local,autoridad y continuación pertinente,ver COMERCIAL/PARTNERS; no acuerdo activo,P1,V1,editorial,IMPLEMENTADO V1,QA ES/PT-BR/EN; precio y condiciones vigentes requieren Ernesto si comercial
A11,/destinos/buzios/que-hacer/,/pt/destinos/buzios/que-hacer/,/en/destinos/buzios/que-hacer/,ES;PT-BR;EN,Qué hacer desde Búzios,comparar actividades locales,/destinos/buzios/,"Modalidad, salida, esfuerzo; excursiones; planes lluvia",alto: no duplicar Experiencias Río,Cualitativo: intención y utilidad; no volumen/KD,Resuelve comparar actividades locales,autoridad y continuación pertinente,ver COMERCIAL/PARTNERS; no acuerdo activo,P1,V1,editorial,IMPLEMENTADO V1,QA ES/PT-BR/EN; precio y condiciones vigentes requieren Ernesto si comercial
A12,/destinos/buzios/comer-y-salir/,/pt/destinos/buzios/comer-y-salir/,/en/destinos/buzios/comer-y-salir/,ES;PT-BR;EN,Comer y salir,elegir zona/perfil,/destinos/buzios/,"Gastronomía, cafés, económico, premium, noche/regreso",medio: un único dueño V1; dividir solo con evidencia,Cualitativo: intención y utilidad; no volumen/KD,Resuelve elegir zona/perfil,autoridad y continuación pertinente,ver COMERCIAL/PARTNERS; no acuerdo activo,P1,V1,editorial,IMPLEMENTADO V1,QA ES/PT-BR/EN; precio y condiciones vigentes requieren Ernesto si comercial
A13,/destinos/buzios/cruceros/,/pt/destinos/buzios/cruceros/,/en/destinos/buzios/cruceros/,ES;PT-BR;EN,Búzios en escala,visita con tiempo limitado,/destinos/buzios/,Tender/punto encuentro/tiempo del barco/retorno; sin calendario vivo,bajo: distinto a estancia y daytrip Río,Cualitativo: intención y utilidad; no volumen/KD,Resuelve visita con tiempo limitado,autoridad y continuación pertinente,ver COMERCIAL/PARTNERS; no acuerdo activo,P1,V1,editorial,IMPLEMENTADO V1,QA ES/PT-BR/EN; precio y condiciones vigentes requieren Ernesto si comercial
A14,/destinos/buzios/consejos/,/pt/destinos/buzios/consejos/,/en/destinos/buzios/consejos/,ES;PT-BR;EN,Preparar la estancia,resolver dudas prácticas,/destinos/buzios/,ES/pagos/familias/accesibilidad/salud/conectividad/compras,medio: enlazar guía Brasil sin duplicar consejos generales,Cualitativo: intención y utilidad; no volumen/KD,Resuelve resolver dudas prácticas,autoridad y continuación pertinente,ver COMERCIAL/PARTNERS; no acuerdo activo,P1,V1,editorial,IMPLEMENTADO V1,QA ES/PT-BR/EN; precio y condiciones vigentes requieren Ernesto si comercial
A15,/destinos/buzios/alojamiento/apartamentos/,/pt/destinos/buzios/alojamiento/apartamentos/,/en/destinos/buzios/alojamiento/apartamentos/,ES;PT-BR;EN,Apartamentos en Búzios,consultar inventario real,/destinos/buzios/alojamiento/,Solo propiedades identificadas; ficha y condiciones por unidad,alto: guía elige zona; catálogo vende propiedad,Cualitativo: intención y utilidad; no volumen/KD,Resuelve consultar inventario real,consulta condicionada,ver COMERCIAL/PARTNERS; no acuerdo activo,P1,V2,comercial,MODELO PREPARADO EN A08; SIN INVENTARIO,Revisión Ernesto + contenido/fotos/QA ES/PT/EN; ficha comercial completa si vende
A16,/destinos/buzios/experiencias/alquiler-buggy/,/pt/destinos/buzios/experiencias/alquiler-buggy/,/en/destinos/buzios/experiencias/alquiler-buggy/,ES;PT-BR;EN,Alquiler de buggy,alquilar para conducir,/destinos/buzios/que-hacer/,"Proveedor, contrato, conducción, caución y área; todos confirmados",alto: no paseo con conductor,Cualitativo: intención y utilidad; no volumen/KD,Resuelve alquilar para conducir,consulta condicionada,ver COMERCIAL/PARTNERS; no acuerdo activo,P1,V1,comercial,IMPLEMENTADO V1 — CONSULTA CONDICIONADA,QA ES/PT-BR/EN; precio y condiciones vigentes requieren Ernesto si comercial
A17,/destinos/buzios/experiencias/paseo-barco/,/pt/destinos/buzios/experiencias/paseo-barco/,/en/destinos/buzios/experiencias/paseo-barco/,ES;PT-BR;EN,Paseo de barco desde Búzios,contratar navegación local,/destinos/buzios/que-hacer/,"Formato confirmado, embarque, cupo y condiciones; no todas embarcaciones",alto: no /experiencias/buzios/ desde Río,Cualitativo: intención y utilidad; no volumen/KD,Resuelve contratar navegación local,consulta condicionada,ver COMERCIAL/PARTNERS; no acuerdo activo,P1,V1,comercial,IMPLEMENTADO V1 — CONSULTA CONDICIONADA,QA ES/PT-BR/EN; precio y condiciones vigentes requieren Ernesto si comercial
A18,/destinos/buzios/experiencias/arraial-do-cabo/,/pt/destinos/buzios/experiencias/arraial-do-cabo/,/en/destinos/buzios/experiencias/arraial-do-cabo/,ES;PT-BR;EN,Arraial desde Búzios,excursión desde alojamiento Búzios,/destinos/buzios/que-hacer/,Salida y regreso Búzios; producto detallado por Ernesto,alto: no landing Arraial desde Río,Cualitativo: intención y utilidad; no volumen/KD,Resuelve excursión desde alojamiento Búzios,consulta condicionada,ver COMERCIAL/PARTNERS; no acuerdo activo,P1,V1,comercial,IMPLEMENTADO V1 — CONSULTA CONDICIONADA,QA ES/PT-BR/EN; precio y condiciones vigentes requieren Ernesto si comercial
A19,/destinos/buzios/experiencias/cabo-frio/,/pt/destinos/buzios/experiencias/cabo-frio/,/en/destinos/buzios/experiencias/cabo-frio/,ES;PT-BR;EN,Cabo Frio desde Búzios,excursión regional,/destinos/buzios/que-hacer/,Producto separado de Arraial; no combo por suposición,medio: guía regional distinta de venta,Cualitativo: intención y utilidad; no volumen/KD,Resuelve excursión regional,consulta condicionada,ver COMERCIAL/PARTNERS; no acuerdo activo,P1,V1,comercial,IMPLEMENTADO V1 — CONSULTA CONDICIONADA,QA ES/PT-BR/EN; precio y condiciones vigentes requieren Ernesto si comercial
A20,/destinos/buzios/playas/ferradurinha/,/pt/destinos/buzios/playas/ferradurinha/,/en/destinos/buzios/playas/ferradurinha/,ES;PT-BR;EN,Ferradurinha,visitar playa,/destinos/buzios/playas/,Acceso desde Geribá; SUP/kayak; evitar confusión con Ferradura,medio,Cualitativo: intención y utilidad; no volumen/KD,Resuelve visitar playa,autoridad y continuación pertinente,ver COMERCIAL/PARTNERS; no acuerdo activo,P2,V2,editorial,OPORTUNIDAD,Revisión Ernesto + contenido/fotos/QA ES/PT/EN; ficha comercial completa si vende
A21,/destinos/buzios/playas/tartaruga/,/pt/destinos/buzios/playas/tartaruga/,/en/destinos/buzios/playas/tartaruga/,ES;PT-BR;EN,Tartaruga,visitar playa,/destinos/buzios/playas/,"Acceso, estructura vigente, mar y tarde",medio,Cualitativo: intención y utilidad; no volumen/KD,Resuelve visitar playa,autoridad y continuación pertinente,ver COMERCIAL/PARTNERS; no acuerdo activo,P2,V2,editorial,OPORTUNIDAD,Revisión Ernesto + contenido/fotos/QA ES/PT/EN; ficha comercial completa si vende
A22,/destinos/buzios/playas/brava/,/pt/destinos/buzios/playas/brava/,/en/destinos/buzios/playas/brava/,ES;PT-BR;EN,Brava,visitar playa,/destinos/buzios/playas/,"Mar abierto, clubes vs playa pública",medio: day use comercial separado,Cualitativo: intención y utilidad; no volumen/KD,Resuelve visitar playa,autoridad y continuación pertinente,ver COMERCIAL/PARTNERS; no acuerdo activo,P2,V2,editorial,OPORTUNIDAD,Revisión Ernesto + contenido/fotos/QA ES/PT/EN; ficha comercial completa si vende
A23,/destinos/buzios/playas/forno/,/pt/destinos/buzios/playas/forno/,/en/destinos/buzios/playas/forno/,ES;PT-BR;EN,Forno,visitar playa,/destinos/buzios/playas/,Acceso y balneabilidad fechada; asistencia no permanente,bajo,Cualitativo: intención y utilidad; no volumen/KD,Resuelve visitar playa,autoridad y continuación pertinente,ver COMERCIAL/PARTNERS; no acuerdo activo,P2,V2,editorial,OPORTUNIDAD,Revisión Ernesto + contenido/fotos/QA ES/PT/EN; ficha comercial completa si vende
A24,/destinos/buzios/zonas/,/pt/destinos/buzios/zonas/,/en/destinos/buzios/zonas/,ES;PT-BR;EN,Zonas de Búzios,comparar localización,/destinos/buzios/alojamiento/,Crear solo cuando guía alojamiento no alcance,alto: posible duplicación; puerta por consultas,Cualitativo: intención y utilidad; no volumen/KD,Resuelve comparar localización,autoridad y continuación pertinente,ver COMERCIAL/PARTNERS; no acuerdo activo,P2,V2,editorial,HIPÓTESIS,Revisión Ernesto + contenido/fotos/QA ES/PT/EN; ficha comercial completa si vende
A25,/destinos/buzios/zonas/geriba/,/pt/destinos/buzios/zonas/geriba/,/en/destinos/buzios/zonas/geriba/,ES;PT-BR;EN,Dormir en Geribá,elegir base,/destinos/buzios/zonas/,"Direcciones, tramo de playa, noche y servicios",alto: no repetir ficha playa,Cualitativo: intención y utilidad; no volumen/KD,Resuelve elegir base,autoridad y continuación pertinente,ver COMERCIAL/PARTNERS; no acuerdo activo,P2,V2,editorial,HIPÓTESIS,Revisión Ernesto + contenido/fotos/QA ES/PT/EN; ficha comercial completa si vende
A26,/destinos/buzios/zonas/joao-fernandes/,/pt/destinos/buzios/zonas/joao-fernandes/,/en/destinos/buzios/zonas/joao-fernandes/,ES;PT-BR;EN,Dormir en João Fernandes,elegir base,/destinos/buzios/zonas/,Pendientes y trayecto; pousadas por inventario verificado,alto,Cualitativo: intención y utilidad; no volumen/KD,Resuelve elegir base,autoridad y continuación pertinente,ver COMERCIAL/PARTNERS; no acuerdo activo,P2,V2,editorial,HIPÓTESIS,Revisión Ernesto + contenido/fotos/QA ES/PT/EN; ficha comercial completa si vende
A27,/destinos/buzios/zonas/ferradura/,/pt/destinos/buzios/zonas/ferradura/,/en/destinos/buzios/zonas/ferradura/,ES;PT-BR;EN,Dormir en Ferradura,elegir base,/destinos/buzios/zonas/,Base familia/pareja según inmueble y movilidad,alto,Cualitativo: intención y utilidad; no volumen/KD,Resuelve elegir base,autoridad y continuación pertinente,ver COMERCIAL/PARTNERS; no acuerdo activo,P2,V2,editorial,HIPÓTESIS,Revisión Ernesto + contenido/fotos/QA ES/PT/EN; ficha comercial completa si vende
A28,/destinos/buzios/experiencias/paseo-buggy/,/pt/destinos/buzios/experiencias/paseo-buggy/,/en/destinos/buzios/experiencias/paseo-buggy/,ES;PT-BR;EN,Paseo de buggy con conductor,contratar recorrido guiado,/destinos/buzios/que-hacer/,Producto distinto de alquiler; operador y permisos,alto: distinguir sujeto que conduce,Cualitativo: intención y utilidad; no volumen/KD,Resuelve contratar recorrido guiado,consulta condicionada,ver COMERCIAL/PARTNERS; no acuerdo activo,P2,V1,comercial,IMPLEMENTADO V1 — CONSULTA CONDICIONADA,QA ES/PT-BR/EN; precio y condiciones vigentes requieren Ernesto si comercial
A29,/destinos/buzios/experiencias/lancha-privada/,/pt/destinos/buzios/experiencias/lancha-privada/,/en/destinos/buzios/experiencias/lancha-privada/,ES;PT-BR;EN,Lancha privada en Búzios,charter de grupo,/destinos/buzios/que-hacer/,"Embarcación real, patrón, cupos y cancelación",alto: no lancha Río ni barco compartido,Cualitativo: intención y utilidad; no volumen/KD,Resuelve charter de grupo,consulta condicionada,ver COMERCIAL/PARTNERS; no acuerdo activo,P2,V2,comercial,REQUIERE ERNESTO,Revisión Ernesto + contenido/fotos/QA ES/PT/EN; ficha comercial completa si vende
A30,/destinos/buzios/experiencias/buceo/,/pt/destinos/buzios/experiencias/buceo/,/en/destinos/buzios/experiencias/buceo/,ES;PT-BR;EN,Buceo en Búzios,iniciación vs certificado,/destinos/buzios/que-hacer/,Operador y aptitud definidos; no consejo clínico,medio: snorkel no es buceo,Cualitativo: intención y utilidad; no volumen/KD,Resuelve iniciación vs certificado,consulta condicionada,ver COMERCIAL/PARTNERS; no acuerdo activo,P2,V1,comercial,IMPLEMENTADO V1 — CONSULTA CONDICIONADA,QA ES/PT-BR/EN; precio y condiciones vigentes requieren Ernesto si comercial
A31,/destinos/buzios/experiencias/snorkel/,/pt/destinos/buzios/experiencias/snorkel/,/en/destinos/buzios/experiencias/snorkel/,ES;PT-BR;EN,Snorkel en Búzios,actividad superficie,/destinos/buzios/que-hacer/,"Guía, equipo, punto y requisitos por confirmar",medio,Cualitativo: intención y utilidad; no volumen/KD,Resuelve actividad superficie,consulta condicionada,ver COMERCIAL/PARTNERS; no acuerdo activo,P2,V2,comercial,REQUIERE ERNESTO,Revisión Ernesto + contenido/fotos/QA ES/PT/EN; ficha comercial completa si vende
A32,/destinos/buzios/experiencias/surf/,/pt/destinos/buzios/experiencias/surf/,/en/destinos/buzios/experiencias/surf/,ES;PT-BR;EN,Clases de surf,aprendizaje guiado,/destinos/buzios/que-hacer/,"Partner Geribá; nivel, lengua y equipo",bajo,Cualitativo: intención y utilidad; no volumen/KD,Resuelve aprendizaje guiado,consulta condicionada,ver COMERCIAL/PARTNERS; no acuerdo activo,P2,V2,comercial,REQUIERE ERNESTO,Revisión Ernesto + contenido/fotos/QA ES/PT/EN; ficha comercial completa si vende
A33,/destinos/buzios/transportes/transfer/,/pt/destinos/buzios/transportes/transfer/,/en/destinos/buzios/transportes/transfer/,ES;PT-BR;EN,Transfer a Búzios,cotizar traslado completo,/destinos/buzios/como-llegar/,Solo con proveedor/operativa y cobertura confirmados,"alto: primero reutilizar transporte privado actual, no duplicar",Cualitativo: intención y utilidad; no volumen/KD,Resuelve cotizar traslado completo,consulta condicionada,ver COMERCIAL/PARTNERS; no acuerdo activo,P2,V2,comercial,REQUIERE ERNESTO,Revisión Ernesto + contenido/fotos/QA ES/PT/EN; ficha comercial completa si vende
A34,/destinos/buzios/itinerarios/,/pt/destinos/buzios/itinerarios/,/en/destinos/buzios/itinerarios/,ES;PT-BR;EN,Itinerarios Búzios,organizar tiempo,/destinos/buzios/,"Escenarios 2/4/7 noches propuestos, no media estadística",medio: inicialmente secciones hub,Cualitativo: intención y utilidad; no volumen/KD,Resuelve organizar tiempo,autoridad y continuación pertinente,ver COMERCIAL/PARTNERS; no acuerdo activo,P2,V2,editorial,OPORTUNIDAD,Revisión Ernesto + contenido/fotos/QA ES/PT/EN; ficha comercial completa si vende
A35,/destinos/buzios/familia/,/pt/destinos/buzios/familia/,/en/destinos/buzios/familia/,ES;PT-BR;EN,Búzios con niños,logística familiar,/destinos/buzios/consejos/,Evidencia propia y operadores; no playas siempre seguras,medio: sección V1 antes de URL,Cualitativo: intención y utilidad; no volumen/KD,Resuelve logística familiar,autoridad y continuación pertinente,ver COMERCIAL/PARTNERS; no acuerdo activo,P2,V2,editorial,REQUIERE VERIFICACIÓN,Revisión Ernesto + contenido/fotos/QA ES/PT/EN; ficha comercial completa si vende
A36,/destinos/buzios/accesibilidad/,/pt/destinos/buzios/accesibilidad/,/en/destinos/buzios/accesibilidad/,ES;PT-BR;EN,Accesibilidad en Búzios,planificar barreras,/destinos/buzios/consejos/,Mediciones campo y fotos; no guía completa sin verificación,bajo: guía por accesos reales,Cualitativo: intención y utilidad; no volumen/KD,Resuelve planificar barreras,autoridad y continuación pertinente,ver COMERCIAL/PARTNERS; no acuerdo activo,P2,V2,editorial,REQUIERE VERIFICACIÓN,Revisión Ernesto + contenido/fotos/QA ES/PT/EN; ficha comercial completa si vende
A37,/destinos/buzios/naturaleza/,/pt/destinos/buzios/naturaleza/,/en/destinos/buzios/naturaleza/,ES;PT-BR;EN,Senderos y miradores,salida natural,/destinos/buzios/que-hacer/,Ruta validada/respeto comunitario; clima y retorno,medio,Cualitativo: intención y utilidad; no volumen/KD,Resuelve salida natural,autoridad y continuación pertinente,ver COMERCIAL/PARTNERS; no acuerdo activo,P2,V2,editorial,REQUIERE VERIFICACIÓN,Revisión Ernesto + contenido/fotos/QA ES/PT/EN; ficha comercial completa si vende
A38,/destinos/buzios/gastronomia/,/pt/destinos/buzios/gastronomia/,/en/destinos/buzios/gastronomia/,ES;PT-BR;EN,Gastronomía Búzios,elegir dónde comer,/destinos/buzios/,Escisión futura del dueño comer-y-salir con señales reales,"alto: migración de secciones, no copiar dos páginas",Cualitativo: intención y utilidad; no volumen/KD,Resuelve elegir dónde comer,autoridad y continuación pertinente,ver COMERCIAL/PARTNERS; no acuerdo activo,P3,FUTURO,editorial,HIPÓTESIS,Revisión Ernesto + contenido/fotos/QA ES/PT/EN; ficha comercial completa si vende
A39,/destinos/buzios/vida-nocturna/,/pt/destinos/buzios/vida-nocturna/,/en/destinos/buzios/vida-nocturna/,ES;PT-BR;EN,Noche Búzios,plan nocturno,/destinos/buzios/,Separar si oferta/mantenimiento lo justifican,alto: único dueño comer-y-salir V1,Cualitativo: intención y utilidad; no volumen/KD,Resuelve plan nocturno,autoridad y continuación pertinente,ver COMERCIAL/PARTNERS; no acuerdo activo,P3,FUTURO,editorial,HIPÓTESIS,Revisión Ernesto + contenido/fotos/QA ES/PT/EN; ficha comercial completa si vende
A40,/destinos/buzios/compras/,/pt/destinos/buzios/compras/,/en/destinos/buzios/compras/,ES;PT-BR;EN,Compras y artesanía,compra local,/destinos/buzios/consejos/,Solo si preguntas/datos y productores justificados,medio: sección antes de directorio,Cualitativo: intención y utilidad; no volumen/KD,Resuelve compra local,autoridad y continuación pertinente,ver COMERCIAL/PARTNERS; no acuerdo activo,P3,FUTURO,editorial,HIPÓTESIS,Revisión Ernesto + contenido/fotos/QA ES/PT/EN; ficha comercial completa si vende
A41,/destinos/buzios/eventos/,/pt/destinos/buzios/eventos/,/en/destinos/buzios/eventos/,ES;PT-BR;EN,Eventos Búzios,viaje por evento,/destinos/buzios/,"Responsable, fuente primaria y caducidad obligatorios",alto: no URL por cada año sin mantenimiento,Cualitativo: intención y utilidad; no volumen/KD,Resuelve viaje por evento,autoridad y continuación pertinente,ver COMERCIAL/PARTNERS; no acuerdo activo,P3,FUTURO,editorial,REQUIERE ERNESTO,Revisión Ernesto + contenido/fotos/QA ES/PT/EN; ficha comercial completa si vende
A42,/destinos/buzios/bodas/,/pt/destinos/buzios/bodas/,/en/destinos/buzios/bodas/,ES;PT-BR;EN,Bodas Búzios,lead evento,/destinos/buzios/que-hacer/,Venue/organizador confirmado; contrato y privacidad,bajo: producto por encargo,Cualitativo: intención y utilidad; no volumen/KD,Resuelve lead evento,consulta condicionada,ver COMERCIAL/PARTNERS; no acuerdo activo,P3,FUTURO,comercial,REQUIERE ERNESTO,Revisión Ernesto + contenido/fotos/QA ES/PT/EN; ficha comercial completa si vende
A43,/destinos/buzios/experiencias/pesca/,/pt/destinos/buzios/experiencias/pesca/,/en/destinos/buzios/experiencias/pesca/,ES;PT-BR;EN,Pesca oceánica,charter especializado,/destinos/buzios/que-hacer/,"Permisos, mar y proveedor, sin capturas prometidas",medio,Cualitativo: intención y utilidad; no volumen/KD,Resuelve charter especializado,consulta condicionada,ver COMERCIAL/PARTNERS; no acuerdo activo,P3,FUTURO,comercial,REQUIERE ERNESTO,Revisión Ernesto + contenido/fotos/QA ES/PT/EN; ficha comercial completa si vende
A44,/destinos/buzios/rasa/,/pt/destinos/buzios/rasa/,/en/destinos/buzios/rasa/,ES;PT-BR;EN,Rasa y patrimonio,visita cultural,/destinos/buzios/,Autoría y participación comunitaria; no producto por defecto,medio: zona vs cultura deben tener dueño,Cualitativo: intención y utilidad; no volumen/KD,Resuelve visita cultural,autoridad y continuación pertinente,ver COMERCIAL/PARTNERS; no acuerdo activo,P3,FUTURO,editorial,REQUIERE VERIFICACIÓN,Revisión Ernesto + contenido/fotos/QA ES/PT/EN; ficha comercial completa si vende
A45,/destinos/buzios/experiencias/,/pt/destinos/buzios/experiencias/,/en/destinos/buzios/experiencias/,ES;PT-BR;EN,Experiencias desde Búzios,elegir actividad desde estancia local,/destinos/buzios/,Comparador de diez landings locales,alto: separar tour desde Río,Cualitativo: intención y utilidad; no volumen/KD,Resuelve planificar estancia,autoridad y continuación pertinente,ver COMERCIAL/PARTNERS; no acuerdo activo,P1,V1,editorial,IMPLEMENTADO V1,QA; sin precio histórico público; ficha vigente requiere Ernesto
A46,/destinos/buzios/experiencias/rio-desde-buzios/,/pt/destinos/buzios/experiencias/rio-desde-buzios/,/en/destinos/buzios/experiencias/rio-desde-buzios/,ES;PT-BR;EN,Río desde Búzios,visitar Río desde alojamiento en Búzios,/destinos/buzios/experiencias/,Contenido localizado; catálogo confirmado; condiciones actuales pendientes,alto: separar tour desde Río,Cualitativo: intención y utilidad; no volumen/KD,Resuelve planificar estancia,autoridad y continuación pertinente,ver COMERCIAL/PARTNERS; no acuerdo activo,P1,V1,comercial,IMPLEMENTADO V1 — CONSULTA CONDICIONADA,QA; sin precio histórico público; ficha vigente requiere Ernesto
A47,/destinos/buzios/experiencias/jardinera/,/pt/destinos/buzios/experiencias/jardinera/,/en/destinos/buzios/experiencias/jardinera/,ES;PT-BR;EN,Jardinera panorámica,consultar paseo terrestre panorámico,/destinos/buzios/experiencias/,Contenido localizado; catálogo confirmado; condiciones actuales pendientes,alto: separar tour desde Río,Cualitativo: intención y utilidad; no volumen/KD,Resuelve planificar estancia,autoridad y continuación pertinente,ver COMERCIAL/PARTNERS; no acuerdo activo,P1,V1,comercial,IMPLEMENTADO V1 — CONSULTA CONDICIONADA,QA; sin precio histórico público; ficha vigente requiere Ernesto
A48,/destinos/buzios/experiencias/trekking/,/pt/destinos/buzios/experiencias/trekking/,/en/destinos/buzios/experiencias/trekking/,ES;PT-BR;EN,Trekking desde Búzios,consultar ruta guiada confirmada,/destinos/buzios/experiencias/,Contenido localizado; catálogo confirmado; condiciones actuales pendientes,alto: separar tour desde Río,Cualitativo: intención y utilidad; no volumen/KD,Resuelve planificar estancia,autoridad y continuación pertinente,ver COMERCIAL/PARTNERS; no acuerdo activo,P1,V1,comercial,IMPLEMENTADO V1 — CONSULTA CONDICIONADA,QA; sin precio histórico público; ficha vigente requiere Ernesto
A49,/destinos/buzios/experiencias/full-day-buzios/,/pt/destinos/buzios/experiencias/full-day-buzios/,/en/destinos/buzios/experiencias/full-day-buzios/,ES;PT-BR;EN,Full Day Búzios,combinar experiencias locales en un día,/destinos/buzios/experiencias/,Contenido localizado; catálogo confirmado; condiciones actuales pendientes,alto: separar tour desde Río,Cualitativo: intención y utilidad; no volumen/KD,Resuelve planificar estancia,autoridad y continuación pertinente,ver COMERCIAL/PARTNERS; no acuerdo activo,P1,V1,comercial,IMPLEMENTADO V1 — CONSULTA CONDICIONADA,QA; sin precio histórico público; ficha vigente requiere Ernesto
