id,oportunidad,intencion,utilidad,potencial_seo,potencial_comercial,modelo,clasificacion,tipo_partner,dificultad_operativa,contenido_dueno,fase,estado,datos_necesarios,fuentes,puerta,comision_precio
O01,Alquiler de buggy,Conducir y visitar playas a ritmo propio,Resuelve: Conducir y visitar playas a ritmo propio,Cualitativo: pregunta y decisión específica; sin métricas,capacidad indicada; producto NO listo,ACTIVIDAD,PRODUCTO EXISTENTE CONFIRMADO POR ERNESTO; CONDICIONES VIGENTES PENDIENTES,Proveedor de alquiler,alta,A16,V1,CATÁLOGO CONFIRMADO; LANDING DE CONSULTA IMPLEMENTADA,Contrato; documentos; caución; cobertura; combustible; zona; averías; entrega,S18,Consulta pública sin precio; reconfirmar operación precio e inclusiones antes de reserva,NETO HISTÓRICO JUNIO 2026 POR CARRO: Baby R$330; Bugre R$360; Way R$380; Super R$400; comisión histórica 10%; NO vigente; NO +R$30
O02,Paseo de buggy con conductor,Recorrido guiado sin conducir,Resuelve: Recorrido guiado sin conducir,Cualitativo: pregunta y decisión específica; sin métricas,posible; sin ingreso previsto,ACTIVIDAD,PRODUCTO EXISTENTE CONFIRMADO POR ERNESTO; CONDICIONES VIGENTES PENDIENTES,Cooperativa/operador de paseos,media-alta,A28,V1,CATÁLOGO CONFIRMADO; LANDING DE CONSULTA IMPLEMENTADA,Conductor; ruta; paradas; idioma; precio grupo/persona; permisos,S19;S49,Consulta pública sin precio; reconfirmar operación precio e inclusiones antes de reserva,NETO HISTÓRICO JUNIO 2026 R$90/pax; duración 1.1 h histórica; NO publicar vigente
O03,Paseo de barco local,Navegar saliendo desde Búzios,Resuelve: Navegar saliendo desde Búzios,Cualitativo: pregunta y decisión específica; sin métricas,capacidad indicada; producto NO listo,ACTIVIDAD,PRODUCTO EXISTENTE CONFIRMADO POR ERNESTO; CONDICIONES VIGENTES PENDIENTES,Operador náutico,alta,A17,V1,CATÁLOGO CONFIRMADO; LANDING DE CONSULTA IMPLEMENTADA,Tipo de barco; embarque; cupos; inclusiones; cambios por mar; tasas,S21;S31,Consulta pública sin precio; reconfirmar operación precio e inclusiones antes de reserva,NETOS HISTÓRICOS JUNIO 2026: Babyloon R$60/pax; Libertas R$100/pax; tasa histórica R$10; NO publicar vigente
O04,Escuna compartida,Elegir tour compartido frente a privado,Resuelve: Elegir tour compartido frente a privado,Cualitativo: pregunta y decisión específica; sin métricas,posible; sin ingreso previsto,ACTIVIDAD,PRODUCTO A CONFIRMAR,Escuna autorizada,alta,A17,V2,REQUIERE ERNESTO,Ver si paseo confirmado de Ernesto es escuna; no abrir segunda landing sin producto distinto,S20;S21,No publicar venta hasta ficha completa y autorización; contenido editorial no depende de vender,NO CONFIRMADO; no inventar
O05,Lancha privada,Grupo privado con embarcación identificada,Resuelve: Grupo privado con embarcación identificada,Cualitativo: pregunta y decisión específica; sin métricas,posible; sin ingreso previsto,ACTIVIDAD,PRODUCTO A CONFIRMAR,Charter/patrón,alta,A29,V2,REQUIERE ERNESTO,Barco real; patrón; autorización; capacidad; baño/sombra; cancelación,S30;S32,No publicar venta hasta ficha completa y autorización; contenido editorial no depende de vender,NO CONFIRMADO; no inventar
O06,Buceo de iniciación,Primera experiencia guiada con cilindro,Resuelve: Primera experiencia guiada con cilindro,Cualitativo: pregunta y decisión específica; sin métricas,posible; sin ingreso previsto,ACTIVIDAD,PRODUCTO EXISTENTE CONFIRMADO POR ERNESTO; CONDICIONES VIGENTES PENDIENTES,Escuela/operador buceo,alta,A30,V1,CATÁLOGO CONFIRMADO; LANDING DE CONSULTA IMPLEMENTADA,Requisitos del operador; instructor; lengua; equipo; aptitud; protocolo y soporte,S22;S23,Consulta pública sin precio; reconfirmar operación precio e inclusiones antes de reserva,NETO HISTÓRICO JUNIO 2026 R$190/pax; mini book y video históricos a confirmar
O07,Buceo para certificados/cursos,Inmersión por nivel o certificación,Resuelve: Inmersión por nivel o certificación,Cualitativo: pregunta y decisión específica; sin métricas,posible; sin ingreso previsto,ACTIVIDAD,PRODUCTO A CONFIRMAR,Centro PADI,alta,A30,FUTURO,REQUIERE ERNESTO,Credenciales; nivel; plan real; cupo; autorizaciones; no consejo médico EC,S23;S24,No publicar venta hasta ficha completa y autorización; contenido editorial no depende de vender,NO CONFIRMADO; no inventar
O08,Snorkel guiado,Superficie y orientación con guía,Resuelve: Superficie y orientación con guía,Cualitativo: pregunta y decisión específica; sin métricas,posible; sin ingreso previsto,ACTIVIDAD,PRODUCTO A CONFIRMAR,Operador snorkel,media-alta,A31,V2,REQUIERE ERNESTO,Equipo; guía; embarque; edad; condiciones mar; tarifa vigente de socio,S25;S26,No publicar venta hasta ficha completa y autorización; contenido editorial no depende de vender,NO CONFIRMADO; no inventar
O09,Snorkel nocturno,Actividad especializada nocturna,Resuelve: Actividad especializada nocturna,Cualitativo: pregunta y decisión específica; sin métricas,posible; sin ingreso previsto,ACTIVIDAD,PRODUCTO A CONFIRMAR,Operador autorizado,alta,A31,FUTURO,REQUIERE ERNESTO,Permisos específicos; protocolo; requisitos; operador; no bioluminiscencia prometida,S47;S68,No publicar venta hasta ficha completa y autorización; contenido editorial no depende de vender,NO CONFIRMADO; no inventar
O10,Clases de surf Geribá,Aprender con instructor según nivel,Resuelve: Aprender con instructor según nivel,Cualitativo: pregunta y decisión específica; sin métricas,posible; sin ingreso previsto,ACTIVIDAD,PRODUCTO A CONFIRMAR,Escuela surf,media-alta,A32,V2,REQUIERE ERNESTO,Nivel; idioma; edad; equipo; mar; cancelación; acuerdo,S27,No publicar venta hasta ficha completa y autorización; contenido editorial no depende de vender,NO CONFIRMADO; no inventar
O11,SUP,"Alquiler o clase, no modalidad única","Resuelve: Alquiler o clase, no modalidad única",Cualitativo: pregunta y decisión específica; sin métricas,posible; sin ingreso previsto,ACTIVIDAD,PRODUCTO A CONFIRMAR,Operador recreativo,media-alta,A11,V2,REQUIERE ERNESTO,Guía vs alquiler; autorizaciones; equipo; retorno; condiciones,S01;S68,No publicar venta hasta ficha completa y autorización; contenido editorial no depende de vender,NO CONFIRMADO; no inventar
O12,Kayak,Paseo/alquiler por nivel y condiciones,Resuelve: Paseo/alquiler por nivel y condiciones,Cualitativo: pregunta y decisión específica; sin métricas,posible; sin ingreso previsto,ACTIVIDAD,PRODUCTO A CONFIRMAR,Operador recreativo,media-alta,A11,V2,REQUIERE ERNESTO,Ámbito permitido; apoyo; grupo; requisitos; estado de mar,S03;S68,No publicar venta hasta ficha completa y autorización; contenido editorial no depende de vender,NO CONFIRMADO; no inventar
O13,Kite/wingfoil,Curso por viento y nivel,Resuelve: Curso por viento y nivel,Cualitativo: pregunta y decisión específica; sin métricas,posible; sin ingreso previsto,ACTIVIDAD,PRODUCTO A CONFIRMAR,Escuela Rasa,alta,A11,V2,REQUIERE ERNESTO,Nivel; equipo; instructor; lengua; viento mínimo/operativa solo si operador confirma,S28;S29,No publicar venta hasta ficha completa y autorización; contenido editorial no depende de vender,NO CONFIRMADO; no inventar
O14,Canoa havaiana,Actividad deportiva o contemplativa guiada,Resuelve: Actividad deportiva o contemplativa guiada,Cualitativo: pregunta y decisión específica; sin métricas,posible; sin ingreso previsto,ACTIVIDAD,PRODUCTO A CONFIRMAR,Club/operador náutico,media-alta,A11,FUTURO,REQUIERE ERNESTO,Formato turístico vigente; nivel; cupo; guía; contrato,S20,No publicar venta hasta ficha completa y autorización; contenido editorial no depende de vender,NO CONFIRMADO; no inventar
O15,Pesca oceánica,Salida especializada con tripulación,Resuelve: Salida especializada con tripulación,Cualitativo: pregunta y decisión específica; sin métricas,posible; sin ingreso previsto,ACTIVIDAD,PRODUCTO A CONFIRMAR,Charter pesca,alta,A43,FUTURO,REQUIERE ERNESTO,Autorizaciones; manejo sostenible; especie/época; equipo; nunca capturas garantizadas,S32;S20,No publicar venta hasta ficha completa y autorización; contenido editorial no depende de vender,NO CONFIRMADO; no inventar
O16,Senderos Serra das Emerências,Naturaleza por dificultad real,Resuelve: Naturaleza por dificultad real,Cualitativo: pregunta y decisión específica; sin métricas,posible; sin ingreso previsto,ACTIVIDAD,PRODUCTO A CONFIRMAR,Guía local habilitado,alta,A37,V2,REQUIERE ERNESTO,Ruta; acceso; señal; dificultad; clima; retorno; permiso; inspección,S01;S47,No publicar venta hasta ficha completa y autorización; contenido editorial no depende de vender,NO CONFIRMADO; no inventar
O17,Mirador Pai Vitório,Ver paisaje con contexto y acceso vigente,Resuelve: Ver paisaje con contexto y acceso vigente,Cualitativo: pregunta y decisión específica; sin métricas,autoridad sin venta,SIN MONETIZACIÓN,OPORTUNIDAD,Guía/comunidad si procede,media,A37,V2,OPORTUNIDAD,Obra/acceso actual; interlocutor comunitario; no dar por concluida intervención,S58,No publicar venta hasta ficha completa y autorización; contenido editorial no depende de vender,NO CONFIRMADO; no inventar
O18,Patrimonio Rasa/quilombos,Comprender identidad más allá de Bardot,Resuelve: Comprender identidad más allá de Bardot,Cualitativo: pregunta y decisión específica; sin métricas,autoridad sin venta,SIN MONETIZACIÓN,OPORTUNIDAD,Representación comunitaria,alta,A44,FUTURO,OPORTUNIDAD,Consentimiento; coautoría; beneficio local; guía comunidad; no venta unilateral,S58;S59,No publicar venta hasta ficha completa y autorización; contenido editorial no depende de vender,NO CONFIRMADO; no inventar
O19,Fotografía de viaje,Sesión familia/pareja o náutica,Resuelve: Sesión familia/pareja o náutica,Cualitativo: pregunta y decisión específica; sin métricas,posible; sin ingreso previsto,LEAD,PRODUCTO A CONFIRMAR,Fotógrafo local,media,A11,V2,REQUIERE ERNESTO,Portfolio; derechos; lugares; lluvia; entrega; consentimiento menores,S25,No publicar venta hasta ficha completa y autorización; contenido editorial no depende de vender,NO CONFIRMADO; no inventar
O20,Recorrido histórico Centro/Ossos,Historia y caminar con guía,Resuelve: Historia y caminar con guía,Cualitativo: pregunta y decisión específica; sin métricas,posible; sin ingreso previsto,ACTIVIDAD,PRODUCTO A CONFIRMAR,Guía local,media,A11,V2,REQUIERE ERNESTO,Autoría/ruta; idioma; accesos; precio y disponibilidad,S02;S40,No publicar venta hasta ficha completa y autorización; contenido editorial no depende de vender,NO CONFIRMADO; no inventar
O21,Gastronomía por zonas,Elegir zona/ambiente/comida según presupuesto,Resuelve: Elegir zona/ambiente/comida según presupuesto,Cualitativo: pregunta y decisión específica; sin métricas,autoridad sin venta,SIN MONETIZACIÓN,OPORTUNIDAD,Restaurantes verificados,baja,A12,V1,OPORTUNIDAD,Conocimiento personal; criterios y fechas; sin ranking pagado encubierto,S02;S36,No publicar venta hasta ficha completa y autorización; contenido editorial no depende de vender,NO CONFIRMADO; no inventar
O22,Cena romántica/premium,Reserva por ocasión y ambiente,Resuelve: Reserva por ocasión y ambiente,Cualitativo: pregunta y decisión específica; sin métricas,posible; sin ingreso previsto,LEAD,PRODUCTO A CONFIRMAR,Rocka/restaurante/hotel,media,A12,V2,REQUIERE ERNESTO,Acceso; reserva; menú; alergias consulta directa; comisión solo por acuerdo,S37;S40,No publicar venta hasta ficha completa y autorización; contenido editorial no depende de vender,NO CONFIRMADO; no inventar
O23,Cafés/desayuno/brunch,Alternativa cuando alojamiento no incluye desayuno,Resuelve: Alternativa cuando alojamiento no incluye desayuno,Cualitativo: pregunta y decisión específica; sin métricas,autoridad sin venta,SIN MONETIZACIÓN,OPORTUNIDAD,Cafés/panaderías,baja,A12,V1,OPORTUNIDAD,Visitas reales; horario/menú; distinguir festival de oferta diaria,S13;S36,No publicar venta hasta ficha completa y autorización; contenido editorial no depende de vender,NO CONFIRMADO; no inventar
O24,Comida económica/familiar,Opciones por recorrido y presupuesto,Resuelve: Opciones por recorrido y presupuesto,Cualitativo: pregunta y decisión específica; sin métricas,autoridad sin venta,SIN MONETIZACIÓN,OPORTUNIDAD,Negocios locales,baja,A12,V1,OPORTUNIDAD,Ejemplos inspeccionados; fechas; no precio fijo de presupuesto,S02;S45,No publicar venta hasta ficha completa y autorización; contenido editorial no depende de vender,NO CONFIRMADO; no inventar
O25,Wellness/spa,Tratamientos o day use sin promesa terapéutica,Resuelve: Tratamientos o day use sin promesa terapéutica,Cualitativo: pregunta y decisión específica; sin métricas,posible; sin ingreso previsto,LEAD,PRODUCTO A CONFIRMAR,Insólito/Vila da Santa,media,A11,V2,REQUIERE ERNESTO,Admisión no huéspedes; profesional; tratamientos; consentimiento; condiciones,S39;S40,No publicar venta hasta ficha completa y autorización; contenido editorial no depende de vender,NO CONFIRMADO; no inventar
O26,Beach club/day use,Confort/consumo/evento distinto de playa,Resuelve: Confort/consumo/evento distinto de playa,Cualitativo: pregunta y decisión específica; sin métricas,posible; sin ingreso previsto,LEAD,PRODUCTO A CONFIRMAR,Silk/Rocka,media,A11,V2,REQUIERE ERNESTO,Entrada; consumición; reserva; acceso; grupos; no cobro inventado,S38;S37,No publicar venta hasta ficha completa y autorización; contenido editorial no depende de vender,NO CONFIRMADO; no inventar
O27,Vida nocturna por perfil,Bar/live music/club y regreso,Resuelve: Bar/live music/club y regreso,Cualitativo: pregunta y decisión específica; sin métricas,autoridad sin venta,SIN MONETIZACIÓN,OPORTUNIDAD,Locales/organizador,media,A12,V1,OPORTUNIDAD,Agenda primaria del día; edades; regreso; no seguridad garantizada,S42;S43,No publicar venta hasta ficha completa y autorización; contenido editorial no depende de vender,NO CONFIRMADO; no inventar
O28,Entradas y eventos musicales,Evento concreto con canal de venta oficial,Resuelve: Evento concreto con canal de venta oficial,Cualitativo: pregunta y decisión específica; sin métricas,posible; sin ingreso previsto,PARTNERSHIP,PRODUCTO A CONFIRMAR,Organizador/venue,alta,A41,FUTURO,REQUIERE ERNESTO,Responsable de agenda; permisos marca; comisión; cancelación; fecha de caducidad,S43,No publicar venta hasta ficha completa y autorización; contenido editorial no depende de vender,NO CONFIRMADO; no inventar
O29,Bodas/elopement,Evento con venue y coordinación,Resuelve: Evento con venue y coordinación,Cualitativo: pregunta y decisión específica; sin métricas,posible; sin ingreso previsto,LEAD,PRODUCTO A CONFIRMAR,Vila da Santa/Silk/organizador,alta,A42,FUTURO,REQUIERE ERNESTO,Proveedor; presupuesto; roles; contratos; privacidad; responsabilidad,S40;S38;S49,No publicar venta hasta ficha completa y autorización; contenido editorial no depende de vender,NO CONFIRMADO; no inventar
O30,Grupos/corporativo,Bloque alojamiento/evento/transporte,Resuelve: Bloque alojamiento/evento/transporte,Cualitativo: pregunta y decisión específica; sin métricas,posible; sin ingreso previsto,LEAD,PRODUCTO A CONFIRMAR,Hotel/DMC,alta,A42,FUTURO,REQUIERE ERNESTO,Capacidad real; plazos; rooming; costes; responsable comercial,S40;S20,No publicar venta hasta ficha completa y autorización; contenido editorial no depende de vender,NO CONFIRMADO; no inventar
O31,Trolley turístico,Orientación motorizada sin alquiler,Resuelve: Orientación motorizada sin alquiler,Cualitativo: pregunta y decisión específica; sin métricas,posible; sin ingreso previsto,ACTIVIDAD,PRODUCTO A CONFIRMAR,Operador receptivo,media,A11,FUTURO,REQUIERE ERNESTO,Operador vigente; accesibilidad vehículo; recorrido; horario; idioma,S49;S20,No publicar venta hasta ficha completa y autorización; contenido editorial no depende de vender,NO CONFIRMADO; no inventar
O32,Actividades familiares,Decidir por edad/acceso/supervisión,Resuelve: Decidir por edad/acceso/supervisión,Cualitativo: pregunta y decisión específica; sin métricas,autoridad sin venta,SIN MONETIZACIÓN,OPORTUNIDAD,Operador por actividad,media,A14,V1,OPORTUNIDAD,Edades y requisitos específicos; baños/sombra/traslados; no playas siempre aptas,S03;S23,No publicar venta hasta ficha completa y autorización; contenido editorial no depende de vender,NO CONFIRMADO; no inventar
O33,Arraial do Cabo desde Búzios,Excursión para huésped Búzios,Resuelve: Excursión para huésped Búzios,Cualitativo: pregunta y decisión específica; sin métricas,capacidad indicada; producto NO listo,ACTIVIDAD,PRODUCTO EXISTENTE CONFIRMADO POR ERNESTO; CONDICIONES VIGENTES PENDIENTES,Receptivo regional,alta,A18,V1,CATÁLOGO CONFIRMADO; LANDING DE CONSULTA IMPLEMENTADA,Operador; pickup; ruta; barco si incluye; tasas; regreso; mar; política,S21;S33,Consulta pública sin precio; reconfirmar operación precio e inclusiones antes de reserva,NETO HISTÓRICO JUNIO 2026 R$160/pax + R$25 tasas; NO publicar vigente
O34,Cabo Frio desde Búzios,Excursión con ruta y retorno propios,Resuelve: Excursión con ruta y retorno propios,Cualitativo: pregunta y decisión específica; sin métricas,capacidad indicada; producto NO listo,ACTIVIDAD,PRODUCTO EXISTENTE CONFIRMADO POR ERNESTO; CONDICIONES VIGENTES PENDIENTES,Receptivo regional,media-alta,A19,V1,CATÁLOGO CONFIRMADO; LANDING DE CONSULTA IMPLEMENTADA,Definir Cabo Frio solo o combo; precio; operador; inclusiones; pickup,S21,Consulta pública sin precio; reconfirmar operación precio e inclusiones antes de reserva,NETO HISTÓRICO JUNIO 2026 R$180/pax; NO publicar vigente
O35,Río desde Búzios,"Visita inversa, jornada larga","Resuelve: Visita inversa, jornada larga",Cualitativo: pregunta y decisión específica; sin métricas,posible; sin ingreso previsto,ACTIVIDAD,PRODUCTO EXISTENTE CONFIRMADO POR ERNESTO; CONDICIONES VIGENTES PENDIENTES,Receptivo habilitado,alta,A11,V1,CATÁLOGO CONFIRMADO; LANDING DE CONSULTA IMPLEMENTADA,Tiempo real de transporte; recorrido; días; no recomendación automática para estancias cortas,S21;S49,Consulta pública sin precio; reconfirmar operación precio e inclusiones antes de reserva,NETOS HISTÓRICOS JUNIO 2026: Río R$330/pax; Río+AquaRio R$405/pax; Maracanã R$94 y AquaRio R$160 opcionales históricos; NO publicar vigente
O36,Otros destinos regionales,"Extensión de viaje, no catálogo disperso","Resuelve: Extensión de viaje, no catálogo disperso",Cualitativo: pregunta y decisión específica; sin métricas,autoridad sin venta,SIN MONETIZACIÓN,HIPÓTESIS,Proveedor si demanda real,alta,A11,FUTURO,HIPÓTESIS,Consultas reales antes de Peró/São Pedro/Saquarema/producto; no Angra/Paraty como salida breve por defecto,S02,No publicar venta hasta ficha completa y autorización; contenido editorial no depende de vender,NO CONFIRMADO; no inventar
O37,Apartamentos reales de Ernesto,Estancia en unidad identificada,Resuelve: Estancia en unidad identificada,Cualitativo: pregunta y decisión específica; sin métricas,capacidad indicada; producto NO listo,ALOJAMIENTO,PRODUCTO PROPIO/INTERMEDIADO: DIRECCIÓN CONFIRMADA POR ERNESTO; detalles pendientes,Propietario/administrador,alta,A15,V1,REQUIERE ERNESTO,Dirección; titularidad/autorización; fotos; camas; aforo; precios; reglas; calendario,S65;S66,No publicar venta hasta ficha completa y autorización; contenido editorial no depende de vender,NO CONFIRMADO; no inventar
O38,Casas para grupos/familias,Cocina/espacio/privacidad con logística,Resuelve: Cocina/espacio/privacidad con logística,Cualitativo: pregunta y decisión específica; sin métricas,posible; sin ingreso previsto,ALOJAMIENTO,PRODUCTO A CONFIRMAR,Administrador de propiedades,alta,A15,V2,REQUIERE ERNESTO,Inventario y licencia de uso; ocupación; ruido; limpieza; cargos; estacionamiento,S65,No publicar venta hasta ficha completa y autorización; contenido editorial no depende de vender,NO CONFIRMADO; no inventar
O39,Pousadas por perfil,Base/desayuno/localización,Resuelve: Base/desayuno/localización,Cualitativo: pregunta y decisión específica; sin métricas,posible; sin ingreso previsto,ALOJAMIENTO,PRODUCTO A CONFIRMAR,Pousada local,media,A08,V2,REQUIERE ERNESTO,Acuerdo o afiliado real; dirección; categorías; política; comisión,S51;S40,No publicar venta hasta ficha completa y autorización; contenido editorial no depende de vender,NO CONFIRMADO; no inventar
O40,Hoteles boutique/premium,Pareja/lujo/wellness,Resuelve: Pareja/lujo/wellness,Cualitativo: pregunta y decisión específica; sin métricas,posible; sin ingreso previsto,ALOJAMIENTO,PRODUCTO A CONFIRMAR,Hotel boutique,media,A08,V2,REQUIERE ERNESTO,Reventa/leads; tarifas net; restricciones; admisión externa,S39;S40,No publicar venta hasta ficha completa y autorización; contenido editorial no depende de vender,NO CONFIRMADO; no inventar
O41,Estadías largas,Cocina/internet/lavandería/movilidad,Resuelve: Cocina/internet/lavandería/movilidad,Cualitativo: pregunta y decisión específica; sin métricas,posible; sin ingreso previsto,ALOJAMIENTO,HIPÓTESIS,Administrador alojamiento,alta,A08,FUTURO,HIPÓTESIS,Wi-Fi medido; escritorio; ruido; factura; larga estancia; no volumen inferido,S65;S66,No publicar venta hasta ficha completa y autorización; contenido editorial no depende de vender,NO CONFIRMADO; no inventar
O42,Río → Búzios privado,Consultar trayecto ya publicado,Resuelve: Consultar trayecto ya publicado,Cualitativo: pregunta y decisión específica; sin métricas,posible; sin ingreso previsto,TRANSFER,servicio/integración ya publicado en Río; alcance Búzios a validar,Transportista coordinado Ernesto,alta,A09,V1,REQUIERE ERNESTO,Cobertura exacta; flota; precio caso a caso; mantener consulta sin duplicar landing,REPO transporte-privado,No publicar venta hasta ficha completa y autorización; contenido editorial no depende de vender,NO CONFIRMADO; no inventar
O43,GIG → Búzios,Continuar vuelo al alojamiento,Resuelve: Continuar vuelo al alojamiento,Cualitativo: pregunta y decisión específica; sin métricas,posible; sin ingreso previsto,TRANSFER,PRODUCTO A CONFIRMAR,Transportista/1001 según modalidad,alta,A09,V1,REQUIERE ERNESTO,Vuelo/terminal; espera; equipaje; vehículo; pickup; precio; respaldo ante demora,S09;S35,No publicar venta hasta ficha completa y autorización; contenido editorial no depende de vender,NO CONFIRMADO; no inventar
O44,SDU → Búzios,Traslado desde terminal distinta,Resuelve: Traslado desde terminal distinta,Cualitativo: pregunta y decisión específica; sin métricas,posible; sin ingreso previsto,TRANSFER,PRODUCTO A CONFIRMAR,Transportista,alta,A09,V1,REQUIERE ERNESTO,No asumir bus directo; punto pickup; trasbordo; tiempos variables; tarifa,S35,No publicar venta hasta ficha completa y autorización; contenido editorial no depende de vender,NO CONFIRMADO; no inventar
O45,Aeropuerto Cabo Frio → Búzios,Llegada regional según vuelo real,Resuelve: Llegada regional según vuelo real,Cualitativo: pregunta y decisión específica; sin métricas,posible; sin ingreso previsto,TRANSFER,PRODUCTO A CONFIRMAR,Transportista regional,alta,A09,V2,REQUIERE ERNESTO,Vuelos efectivamente disponibles; terminal; pickup; precio; no ruta aérea deducida de anuncio2025,S16;S21,No publicar venta hasta ficha completa y autorización; contenido editorial no depende de vender,NO CONFIRMADO; no inventar
O46,Bus Río/Búzios,Comparar reserva y tramo final,Resuelve: Comparar reserva y tramo final,Cualitativo: pregunta y decisión específica; sin métricas,autoridad sin venta,SIN MONETIZACIÓN,OPORTUNIDAD,1001,baja,A09,V1,OPORTUNIDAD,Origen exacto; canal oficial; fecha; bagaje; no tarifa/horario histórico,S09;S10,No publicar venta hasta ficha completa y autorización; contenido editorial no depende de vender,NO CONFIRMADO; no inventar
O47,Vans y movilidad local,Resolver último tramo sin auto,Resuelve: Resolver último tramo sin auto,Cualitativo: pregunta y decisión específica; sin métricas,autoridad sin venta,SIN MONETIZACIÓN,OPORTUNIDAD,Cooperativa autorizada,media,A10,V1,OPORTUNIDAD,Recorrido; paradas; tarifas vigentes; cupo; horarios; no todas las playas alcanzables,S08;S70,No publicar venta hasta ficha completa y autorización; contenido editorial no depende de vender,NO CONFIRMADO; no inventar
O48,Taxi/apps/regreso nocturno,Retorno previsto y punto encuentro,Resuelve: Retorno previsto y punto encuentro,Cualitativo: pregunta y decisión específica; sin métricas,autoridad sin venta,SIN MONETIZACIÓN,OPORTUNIDAD,Taxi/transportista,media,A10,V1,OPORTUNIDAD,Disponibilidad real; red/seguridad; precio; no prometer cobertura de app,S08;S07,No publicar venta hasta ficha completa y autorización; contenido editorial no depende de vender,NO CONFIRMADO; no inventar
O49,Taxi marítimo,Traslado breve entre playas,Resuelve: Traslado breve entre playas,Cualitativo: pregunta y decisión específica; sin métricas,posible; sin ingreso previsto,ACTIVIDAD,PRODUCTO A CONFIRMAR,Autorizatario náutico,alta,A10,V2,REQUIERE ERNESTO,Muelles; rutas; condiciones; permiso; equipo; retorno; precio día,S03;S68,No publicar venta hasta ficha completa y autorización; contenido editorial no depende de vender,NO CONFIRMADO; no inventar
O50,Auto y estacionamiento,Decidir necesidad de auto/recogida,Resuelve: Decidir necesidad de auto/recogida,Cualitativo: pregunta y decisión específica; sin métricas,posible; sin ingreso previsto,AFILIACIÓN,servicio/integración ya publicado en Río; alcance Búzios a validar,Rentcars,media,A09,V1,REQUIERE ERNESTO,Preservar requestorid11142; local/agencia/horario real; sin nuevo código ni garantía de tarifa,REPO alquiler-auto;S07,No publicar venta hasta ficha completa y autorización; contenido editorial no depende de vender,NO CONFIRMADO; no inventar
O51,Escala de crucero,Actividad adaptada a ventana real en tierra,Resuelve: Actividad adaptada a ventana real en tierra,Cualitativo: pregunta y decisión específica; sin métricas,posible; sin ingreso previsto,ACTIVIDAD,PRODUCTO A CONFIRMAR,Receptivo/portuario,alta,A13,V2,REQUIERE ERNESTO,Tender; muelle efectivo; hora límite barco; buffer acordado; política por cancelación escala,S11;S49,No publicar venta hasta ficha completa y autorización; contenido editorial no depende de vender,NO CONFIRMADO; no inventar
O52,Ruta peatonal corta crucerista,Visita independiente con retorno,Resuelve: Visita independiente con retorno,Cualitativo: pregunta y decisión específica; sin métricas,autoridad sin venta,SIN MONETIZACIÓN,OPORTUNIDAD,Ninguno,media,A13,V1,OPORTUNIDAD,Inspección; pavimento; ventana elegida por barco; no traslado a Arraial por defecto,S11;S02,No publicar venta hasta ficha completa y autorización; contenido editorial no depende de vender,NO CONFIRMADO; no inventar
O53,Accesibilidad verificada,Barreras reales y asistencia específica,Resuelve: Barreras reales y asistencia específica,Cualitativo: pregunta y decisión específica; sin métricas,autoridad sin venta,SIN MONETIZACIÓN,OPORTUNIDAD,Proveedor adaptado,alta,A36,V2,OPORTUNIDAD,"Medidas/pasos/rampa/baño; disponibilidad asistida; ficha individual, no etiqueta absoluta",S23;S69,No publicar venta hasta ficha completa y autorización; contenido editorial no depende de vender,NO CONFIRMADO; no inventar
O54,Internet/eSIM,Preparar conexión y plan B,Resuelve: Preparar conexión y plan B,Cualitativo: pregunta y decisión específica; sin métricas,posible; sin ingreso previsto,AFILIACIÓN,servicio/integración ya publicado en Río; alcance Búzios a validar,Airalo,baja,A14,V1,REQUIERE ERNESTO,Preservar integración; compatibilidad/plan en proveedor; no cobertura total playas,REPO internet,No publicar venta hasta ficha completa y autorización; contenido editorial no depende de vender,NO CONFIRMADO; no inventar
O55,Seguro de viaje,Consultar condiciones de seguro antes de viajar,Resuelve: Consultar condiciones de seguro antes de viajar,Cualitativo: pregunta y decisión específica; sin métricas,posible; sin ingreso previsto,AFILIACIÓN,servicio/integración ya publicado en Río; alcance Búzios a validar,Assist Card,baja,A14,V1,REQUIERE ERNESTO,Preservar campaña/token; información médica independiente; no garantía de cobertura,REPO seguro,No publicar venta hasta ficha completa y autorización; contenido editorial no depende de vender,NO CONFIRMADO; no inventar
O56,Pagos/cambio/PIX,Evitar suponer método universal,Resuelve: Evitar suponer método universal,Cualitativo: pregunta y decisión específica; sin métricas,autoridad sin venta,SIN MONETIZACIÓN,OPORTUNIDAD,Canal oficial bancos/proveedor,media,A14,V1,OPORTUNIDAD,Métodos admitidos por Ernesto; moneda/cargos; extranjero sin Pix; no cambiar código afiliado,S56;S45,No publicar venta hasta ficha completa y autorización; contenido editorial no depende de vender,NO CONFIRMADO; no inventar
O57,Servicios cotidianos/salud,Mercado/farmacia/equipaje/lavandería/urgencias,Resuelve: Mercado/farmacia/equipaje/lavandería/urgencias,Cualitativo: pregunta y decisión específica; sin métricas,autoridad sin venta,SIN MONETIZACIÓN,OPORTUNIDAD,Negocio verificado/CNES,media,A14,V1,OPORTUNIDAD,Dirección y horario inspeccionados; no gran directorio; no oferta médica inferida,S54;S55,No publicar venta hasta ficha completa y autorización; contenido editorial no depende de vender,NO CONFIRMADO; no inventar
O58,Compras/artesanía,Compra local y memoria del lugar,Resuelve: Compra local y memoria del lugar,Cualitativo: pregunta y decisión específica; sin métricas,autoridad sin venta,SIN MONETIZACIÓN,OPORTUNIDAD,Artesanos/comercio,baja,A14,V1,OPORTUNIDAD,Fechas feria; permiso foto; origen auténtico; sin horario contradictorio,S14;S44;S36,No publicar venta hasta ficha completa y autorización; contenido editorial no depende de vender,NO CONFIRMADO; no inventar
O59,Temporadas/eventos como captación,Planificar viaje por evento y mantenimiento,Resuelve: Planificar viaje por evento y mantenimiento,Cualitativo: pregunta y decisión específica; sin métricas,posible; sin ingreso previsto,PUBLICIDAD/PATROCINIO FUTURO,HIPÓTESIS,Organizador/patrocinador,alta,A41,FUTURO,HIPÓTESIS,Responsable calendario; transparencia; caducidad; contrato; no retorno económico predicho,S13;S14;S43,No publicar venta hasta ficha completa y autorización; contenido editorial no depende de vender,NO CONFIRMADO; no inventar
O60,Afiliación OTA selectiva,Cubrir inventario no propio sin inventar partner,Resuelve: Cubrir inventario no propio sin inventar partner,Cualitativo: pregunta y decisión específica; sin métricas,posible; sin ingreso previsto,AFILIACIÓN POTENCIAL,PRODUCTO A CONFIRMAR,Booking/GetYourGuide,media,A08,FUTURO,REQUIERE ERNESTO,Alta aprobada; contrato/código propio; consentimiento/tracking; no copiar IDs SERP,S52;S53,No publicar venta hasta ficha completa y autorización; contenido editorial no depende de vender,NO CONFIRMADO; no inventar
O61,Jardinera panorámica,Consulta de producto del catálogo saliendo desde Búzios,Servicio para viajero alojado en Búzios,Cualitativo: pregunta y decisión específica; sin métricas,capacidad indicada; producto NO listo,ACTIVIDAD,PRODUCTO EXISTENTE CONFIRMADO POR ERNESTO,Proveedor de alquiler,alta,A47,V1,CATÁLOGO CONFIRMADO; CONDICIONES PENDIENTES,Operador; precio vigente; inclusiones; ruta; horario; recogida; políticas; fotos,ERNESTO — NETOS JUNIO 2026,Consulta sin tarifa; condiciones vigentes requieren confirmación,NETO HISTÓRICO JUNIO 2026 R$100/pax; recorrido vigente requiere operador
O62,Trekking,Consulta de producto del catálogo saliendo desde Búzios,Servicio para viajero alojado en Búzios,Cualitativo: pregunta y decisión específica; sin métricas,capacidad indicada; producto NO listo,ACTIVIDAD,PRODUCTO EXISTENTE CONFIRMADO POR ERNESTO,Proveedor de alquiler,alta,A48,V1,CATÁLOGO CONFIRMADO; CONDICIONES PENDIENTES,Operador; precio vigente; inclusiones; ruta; horario; recogida; políticas; fotos,ERNESTO — NETOS JUNIO 2026,Consulta sin tarifa; condiciones vigentes requieren confirmación,NETO HISTÓRICO JUNIO 2026 R$80/pax; mínimo 2 pax o neto x2 histórico; requiere confirmación
O63,Full Day Búzios,Consulta de producto del catálogo saliendo desde Búzios,Servicio para viajero alojado en Búzios,Cualitativo: pregunta y decisión específica; sin métricas,capacidad indicada; producto NO listo,ACTIVIDAD,PRODUCTO EXISTENTE CONFIRMADO POR ERNESTO,Proveedor de alquiler,alta,A49,V1,CATÁLOGO CONFIRMADO; CONDICIONES PENDIENTES,Operador; precio vigente; inclusiones; ruta; horario; recogida; políticas; fotos,ERNESTO — NETOS JUNIO 2026,Consulta sin tarifa; condiciones vigentes requieren confirmación,NETO HISTÓRICO JUNIO 2026 R$260/pax; traslados+escuna+almuerzo+Jardinera históricos a confirmar
O64,Rent a Car desde Búzios,Consulta de producto del catálogo saliendo desde Búzios,Servicio para viajero alojado en Búzios,Cualitativo: pregunta y decisión específica; sin métricas,capacidad indicada; producto NO listo,ACTIVIDAD,PRODUCTO EXISTENTE CONFIRMADO POR ERNESTO,Proveedor de alquiler,alta,A10,V1,CATÁLOGO CONFIRMADO; CONDICIONES PENDIENTES,Operador; precio vigente; inclusiones; ruta; horario; recogida; políticas; fotos,ERNESTO — NETOS JUNIO 2026,Consulta sin tarifa; condiciones vigentes requieren confirmación,NETO HISTÓRICO JUNIO 2026 desde R$400/carro; comisión histórica 10%; no +R$30; no landing nueva
