id,competidor,idioma,fuentes,cubre_bien,limite_observado,diferencia_ec_propuesta,estado
C01,Buzios.cl,ES/Chile,S45,"Llegada, documentación, pagos, alojamiento y playas",La página revisada promete seguridad y simplifica requisitos; verificación oficial necesaria,"Responder dudas de chilenos con fuente/fecha y condiciones reales, no seguridad absoluta","OBSERVACIÓN DE MERCADO; diferenciación es HIPÓTESIS a validar, no ranking ni cuota"
C02,Buzios.com,ES,S46,Portal multitemático y hoteles; deportes variados,Duración fija Rio/Búzios y clima favorable generalizado en portada,No prometer tránsito/clima; mapa de llegada y estancia verificable,"OBSERVACIÓN DE MERCADO; diferenciación es HIPÓTESIS a validar, no ranking ni cuota"
C03,Trip Búzios,ES/PT/EN,S21,"Salida Búzios, selección y consulta/reserva claras",También cubre multilingüismo y FAQ: no son ventajas exclusivas de EC,"Diferenciar propiedad real de Ernesto y asesoría personal probada, no idioma solo","OBSERVACIÓN DE MERCADO; diferenciación es HIPÓTESIS a validar, no ranking ni cuota"
C04,RentBuggyBuzios,ES/PT/EN publicados,S18,Producto alquiler/FAQ/pago/contrato detallado,El alquiler ya tiene competencia directa con claridad comercial,Ficha propia respaldada y distinción conductor/alquiler; no copiar condiciones,"OBSERVACIÓN DE MERCADO; diferenciación es HIPÓTESIS a validar, no ranking ni cuota"
C05,Visit Búzios / CVB,PT,S60;S44,Taxonomía de playas/deportes/servicios y relato local,Horarios contradictorios de feria; texto promocional requiere contraste,Acceso/punto de retorno/fuente fechada; actualizar cambios operativos,"OBSERVACIÓN DE MERCADO; diferenciación es HIPÓTESIS a validar, no ranking ni cuota"
C06,Búzios360,PT,S50,Zonas por perfil visibles en resultado,Apertura falló; no se puede afirmar qué le falta al sitio completo,"Hipótesis: mapa de trayecto real, pendientes y ficha de unidad","OBSERVACIÓN DE MERCADO; diferenciación es HIPÓTESIS a validar, no ranking ni cuota"
C07,Viaje na Viagem,PT,S51,Elección de zona y hospedaje en resultado indexado,Apertura403: evaluación parcial; no afirmar laguna absoluta,Integrar decisión de zona→inventario propio verificado→traslado,"OBSERVACIÓN DE MERCADO; diferenciación es HIPÓTESIS a validar, no ranking ni cuota"
C08,Do in Brazil,EN,S47,Guía extensa; excursiones/agua/naturaleza; afiliación ya integrada,Muchas categorías ya cubiertas; profundidad genérica no diferencia suficiente,"Fotos locales autorizadas, inspección accesos y operación propia trazable","OBSERVACIÓN DE MERCADO; diferenciación es HIPÓTESIS a validar, no ranking ni cuota"
C09,Rumbo Libre,EN y receptivo,S48,Confirmación de proveedor y voucher explícitos,El flujo solicitado→confirmado ya existe en competidor,"Claridad igual de rigurosa; apoyo EC por idioma/origen, sin copiar políticas","OBSERVACIÓN DE MERCADO; diferenciación es HIPÓTESIS a validar, no ranking ni cuota"
C10,Viator,EN/multilingüe,S49,"Inventario, reseñas, filtros y proveedores de tours",Mezcla salidas locales/Río: no asumir ausencia de filtros o producto,Mostrar origen antes de CTA y separar espera/tender y tiempo de crucero,"OBSERVACIÓN DE MERCADO; diferenciación es HIPÓTESIS a validar, no ranking ni cuota"
C11,Booking / Airbnb,multilingüe,S65;S66,"Filtros, tipos y reseñas; comparación por fecha",Resultados pueden incluir alrededores; inventario no es propiedad EC,"Dirección real, pendiente, aforo/camas, apoyo local e inventario autorizado","OBSERVACIÓN DE MERCADO; diferenciación es HIPÓTESIS a validar, no ranking ni cuota"
C12,Mareia / P&P / Fresia,PT; otros según ficha,S25;S23;S27,"Especialización por actividad, requisitos y canal directo",No atribuir a EC experiencia técnica del proveedor,Traducir decisiones y calificar leads con operador confirmado; transparencia de rol,"OBSERVACIÓN DE MERCADO; diferenciación es HIPÓTESIS a validar, no ranking ni cuota"
