id,pagina,seccion,tipo,uso,orientacion,contenido_ideal,carpeta_propuesta,public_id_propuesto,origen,alt_es,alt_pt_br,alt_en,estado,requiere_ernesto
I001,/destinos/,introducción,fotografía real,hero,horizontal 16:9,Vista real reconocible del lugar o producto identificado — Destinos,buzios/zonas,buzios/zonas/destinos-hero-01,PROPIA o PARTNER con licencia; EXTERNA solo con derechos verificados,PENDIENTE: describir Destinos y el detalle efectivamente visible,PENDENTE: descrever Destinos e o detalhe realmente visível,PENDING: describe Destinos and the detail actually visible,NECESARIO; NO RECIBIDO; NO SUBIDO,"Foto original, localización, autor, permiso/uso comercial, producto exacto si comercial"
I002,/destinos/,decisión/acceso,fotografía real,card,horizontal 4:3,"Acceso, punto de encuentro o detalle que ayude a elegir — Destinos",buzios/zonas,buzios/zonas/destinos-card-01,PROPIA o PARTNER con licencia; EXTERNA solo con derechos verificados,PENDIENTE: describir Destinos y el detalle efectivamente visible,PENDENTE: descrever Destinos e o detalhe realmente visível,PENDING: describe Destinos and the detail actually visible,NECESARIO; NO RECIBIDO; NO SUBIDO,"Foto original, localización, autor, permiso/uso comercial, producto exacto si comercial"
I003,/destinos/buzios/,introducción,fotografía real,hero,horizontal 16:9,Vista real reconocible del lugar o producto identificado — Búzios 360,buzios/zonas,buzios/zonas/buzios-hero-01,PROPIA o PARTNER con licencia; EXTERNA solo con derechos verificados,PENDIENTE: describir Búzios 360 y el detalle efectivamente visible,PENDENTE: descrever Búzios 360 e o detalhe realmente visível,PENDING: describe Búzios 360 and the detail actually visible,NECESARIO; NO RECIBIDO; NO SUBIDO,"Foto original, localización, autor, permiso/uso comercial, producto exacto si comercial"
I004,/destinos/buzios/,decisión/acceso,fotografía real,card,horizontal 4:3,"Acceso, punto de encuentro o detalle que ayude a elegir — Búzios 360",buzios/zonas,buzios/zonas/buzios-card-01,PROPIA o PARTNER con licencia; EXTERNA solo con derechos verificados,PENDIENTE: describir Búzios 360 y el detalle efectivamente visible,PENDENTE: descrever Búzios 360 e o detalhe realmente visível,PENDING: describe Búzios 360 and the detail actually visible,NECESARIO; NO RECIBIDO; NO SUBIDO,"Foto original, localización, autor, permiso/uso comercial, producto exacto si comercial"
I005,/destinos/buzios/playas/,introducción,fotografía real,hero,horizontal 16:9,Vista real reconocible del lugar o producto identificado — Playas de Búzios,buzios/playas,buzios/playas/playas-hero-01,PROPIA o PARTNER con licencia; EXTERNA solo con derechos verificados,PENDIENTE: describir Playas de Búzios y el detalle efectivamente visible,PENDENTE: descrever Playas de Búzios e o detalhe realmente visível,PENDING: describe Playas de Búzios and the detail actually visible,NECESARIO; NO RECIBIDO; NO SUBIDO,"Foto original, localización, autor, permiso/uso comercial, producto exacto si comercial"
I006,/destinos/buzios/playas/,decisión/acceso,fotografía real,card,horizontal 4:3,"Acceso, punto de encuentro o detalle que ayude a elegir — Playas de Búzios",buzios/playas,buzios/playas/playas-card-01,PROPIA o PARTNER con licencia; EXTERNA solo con derechos verificados,PENDIENTE: describir Playas de Búzios y el detalle efectivamente visible,PENDENTE: descrever Playas de Búzios e o detalhe realmente visível,PENDING: describe Playas de Búzios and the detail actually visible,NECESARIO; NO RECIBIDO; NO SUBIDO,"Foto original, localización, autor, permiso/uso comercial, producto exacto si comercial"
I007,/destinos/buzios/playas/geriba/,introducción,fotografía real,hero,horizontal 16:9,Vista real reconocible del lugar o producto identificado — Geribá,buzios/playas,buzios/playas/geriba-hero-01,PROPIA o PARTNER con licencia; EXTERNA solo con derechos verificados,PENDIENTE: describir Geribá y el detalle efectivamente visible,PENDENTE: descrever Geribá e o detalhe realmente visível,PENDING: describe Geribá and the detail actually visible,NECESARIO; NO RECIBIDO; NO SUBIDO,"Foto original, localización, autor, permiso/uso comercial, producto exacto si comercial"
I008,/destinos/buzios/playas/geriba/,decisión/acceso,fotografía real,card,horizontal 4:3,"Acceso, punto de encuentro o detalle que ayude a elegir — Geribá",buzios/playas,buzios/playas/geriba-card-01,PROPIA o PARTNER con licencia; EXTERNA solo con derechos verificados,PENDIENTE: describir Geribá y el detalle efectivamente visible,PENDENTE: descrever Geribá e o detalhe realmente visível,PENDING: describe Geribá and the detail actually visible,NECESARIO; NO RECIBIDO; NO SUBIDO,"Foto original, localización, autor, permiso/uso comercial, producto exacto si comercial"
I009,/destinos/buzios/playas/joao-fernandes/,introducción,fotografía real,hero,horizontal 16:9,Vista real reconocible del lugar o producto identificado — João Fernandes y Fernandinho,buzios/playas,buzios/playas/joao-fernandes-hero-01,PROPIA o PARTNER con licencia; EXTERNA solo con derechos verificados,PENDIENTE: describir João Fernandes y Fernandinho y el detalle efectivamente visible,PENDENTE: descrever João Fernandes y Fernandinho e o detalhe realmente visível,PENDING: describe João Fernandes y Fernandinho and the detail actually visible,NECESARIO; NO RECIBIDO; NO SUBIDO,"Foto original, localización, autor, permiso/uso comercial, producto exacto si comercial"
I010,/destinos/buzios/playas/joao-fernandes/,decisión/acceso,fotografía real,card,horizontal 4:3,"Acceso, punto de encuentro o detalle que ayude a elegir — João Fernandes y Fernandinho",buzios/playas,buzios/playas/joao-fernandes-card-01,PROPIA o PARTNER con licencia; EXTERNA solo con derechos verificados,PENDIENTE: describir João Fernandes y Fernandinho y el detalle efectivamente visible,PENDENTE: descrever João Fernandes y Fernandinho e o detalhe realmente visível,PENDING: describe João Fernandes y Fernandinho and the detail actually visible,NECESARIO; NO RECIBIDO; NO SUBIDO,"Foto original, localización, autor, permiso/uso comercial, producto exacto si comercial"
I011,/destinos/buzios/playas/ferradura/,introducción,fotografía real,hero,horizontal 16:9,Vista real reconocible del lugar o producto identificado — Ferradura,buzios/playas,buzios/playas/ferradura-hero-01,PROPIA o PARTNER con licencia; EXTERNA solo con derechos verificados,PENDIENTE: describir Ferradura y el detalle efectivamente visible,PENDENTE: descrever Ferradura e o detalhe realmente visível,PENDING: describe Ferradura and the detail actually visible,NECESARIO; NO RECIBIDO; NO SUBIDO,"Foto original, localización, autor, permiso/uso comercial, producto exacto si comercial"
I012,/destinos/buzios/playas/ferradura/,decisión/acceso,fotografía real,card,horizontal 4:3,"Acceso, punto de encuentro o detalle que ayude a elegir — Ferradura",buzios/playas,buzios/playas/ferradura-card-01,PROPIA o PARTNER con licencia; EXTERNA solo con derechos verificados,PENDIENTE: describir Ferradura y el detalle efectivamente visible,PENDENTE: descrever Ferradura e o detalhe realmente visível,PENDING: describe Ferradura and the detail actually visible,NECESARIO; NO RECIBIDO; NO SUBIDO,"Foto original, localización, autor, permiso/uso comercial, producto exacto si comercial"
I013,/destinos/buzios/playas/azeda/,introducción,fotografía real,hero,horizontal 16:9,Vista real reconocible del lugar o producto identificado — Azeda y Azedinha,buzios/playas,buzios/playas/azeda-hero-01,PROPIA o PARTNER con licencia; EXTERNA solo con derechos verificados,PENDIENTE: describir Azeda y Azedinha y el detalle efectivamente visible,PENDENTE: descrever Azeda y Azedinha e o detalhe realmente visível,PENDING: describe Azeda y Azedinha and the detail actually visible,NECESARIO; NO RECIBIDO; NO SUBIDO,"Foto original, localización, autor, permiso/uso comercial, producto exacto si comercial"
I014,/destinos/buzios/playas/azeda/,decisión/acceso,fotografía real,card,horizontal 4:3,"Acceso, punto de encuentro o detalle que ayude a elegir — Azeda y Azedinha",buzios/playas,buzios/playas/azeda-card-01,PROPIA o PARTNER con licencia; EXTERNA solo con derechos verificados,PENDIENTE: describir Azeda y Azedinha y el detalle efectivamente visible,PENDENTE: descrever Azeda y Azedinha e o detalhe realmente visível,PENDING: describe Azeda y Azedinha and the detail actually visible,NECESARIO; NO RECIBIDO; NO SUBIDO,"Foto original, localización, autor, permiso/uso comercial, producto exacto si comercial"
I015,/destinos/buzios/alojamiento/,introducción,fotografía real,hero,horizontal 16:9,Vista real reconocible del lugar o producto identificado — Dónde alojarse,buzios/hospedaje,buzios/hospedaje/alojamiento-hero-01,PROPIA o PARTNER con licencia; EXTERNA solo con derechos verificados,PENDIENTE: describir Dónde alojarse y el detalle efectivamente visible,PENDENTE: descrever Dónde alojarse e o detalhe realmente visível,PENDING: describe Dónde alojarse and the detail actually visible,NECESARIO; NO RECIBIDO; NO SUBIDO,"Foto original, localización, autor, permiso/uso comercial, producto exacto si comercial"
I016,/destinos/buzios/alojamiento/,decisión/acceso,fotografía real,card,horizontal 4:3,"Acceso, punto de encuentro o detalle que ayude a elegir — Dónde alojarse",buzios/hospedaje,buzios/hospedaje/alojamiento-card-01,PROPIA o PARTNER con licencia; EXTERNA solo con derechos verificados,PENDIENTE: describir Dónde alojarse y el detalle efectivamente visible,PENDENTE: descrever Dónde alojarse e o detalhe realmente visível,PENDING: describe Dónde alojarse and the detail actually visible,NECESARIO; NO RECIBIDO; NO SUBIDO,"Foto original, localización, autor, permiso/uso comercial, producto exacto si comercial"
I017,/destinos/buzios/como-llegar/,introducción,fotografía real,hero,horizontal 16:9,Vista real reconocible del lugar o producto identificado — Cómo llegar a Búzios,buzios/transportes,buzios/transportes/como-llegar-hero-01,PROPIA o PARTNER con licencia; EXTERNA solo con derechos verificados,PENDIENTE: describir Cómo llegar a Búzios y el detalle efectivamente visible,PENDENTE: descrever Cómo llegar a Búzios e o detalhe realmente visível,PENDING: describe Cómo llegar a Búzios and the detail actually visible,NECESARIO; NO RECIBIDO; NO SUBIDO,"Foto original, localización, autor, permiso/uso comercial, producto exacto si comercial"
I018,/destinos/buzios/como-llegar/,decisión/acceso,fotografía real,card,horizontal 4:3,"Acceso, punto de encuentro o detalle que ayude a elegir — Cómo llegar a Búzios",buzios/transportes,buzios/transportes/como-llegar-card-01,PROPIA o PARTNER con licencia; EXTERNA solo con derechos verificados,PENDIENTE: describir Cómo llegar a Búzios y el detalle efectivamente visible,PENDENTE: descrever Cómo llegar a Búzios e o detalhe realmente visível,PENDING: describe Cómo llegar a Búzios and the detail actually visible,NECESARIO; NO RECIBIDO; NO SUBIDO,"Foto original, localización, autor, permiso/uso comercial, producto exacto si comercial"
I019,/destinos/buzios/moverse/,introducción,fotografía real,hero,horizontal 16:9,Vista real reconocible del lugar o producto identificado — Moverse dentro de Búzios,buzios/transportes,buzios/transportes/moverse-hero-01,PROPIA o PARTNER con licencia; EXTERNA solo con derechos verificados,PENDIENTE: describir Moverse dentro de Búzios y el detalle efectivamente visible,PENDENTE: descrever Moverse dentro de Búzios e o detalhe realmente visível,PENDING: describe Moverse dentro de Búzios and the detail actually visible,NECESARIO; NO RECIBIDO; NO SUBIDO,"Foto original, localización, autor, permiso/uso comercial, producto exacto si comercial"
I020,/destinos/buzios/moverse/,decisión/acceso,fotografía real,card,horizontal 4:3,"Acceso, punto de encuentro o detalle que ayude a elegir — Moverse dentro de Búzios",buzios/transportes,buzios/transportes/moverse-card-01,PROPIA o PARTNER con licencia; EXTERNA solo con derechos verificados,PENDIENTE: describir Moverse dentro de Búzios y el detalle efectivamente visible,PENDENTE: descrever Moverse dentro de Búzios e o detalhe realmente visível,PENDING: describe Moverse dentro de Búzios and the detail actually visible,NECESARIO; NO RECIBIDO; NO SUBIDO,"Foto original, localización, autor, permiso/uso comercial, producto exacto si comercial"
I021,/destinos/buzios/que-hacer/,introducción,fotografía real,hero,horizontal 16:9,Vista real reconocible del lugar o producto identificado — Qué hacer desde Búzios,buzios/zonas,buzios/zonas/que-hacer-hero-01,PROPIA o PARTNER con licencia; EXTERNA solo con derechos verificados,PENDIENTE: describir Qué hacer desde Búzios y el detalle efectivamente visible,PENDENTE: descrever Qué hacer desde Búzios e o detalhe realmente visível,PENDING: describe Qué hacer desde Búzios and the detail actually visible,NECESARIO; NO RECIBIDO; NO SUBIDO,"Foto original, localización, autor, permiso/uso comercial, producto exacto si comercial"
I022,/destinos/buzios/que-hacer/,decisión/acceso,fotografía real,card,horizontal 4:3,"Acceso, punto de encuentro o detalle que ayude a elegir — Qué hacer desde Búzios",buzios/zonas,buzios/zonas/que-hacer-card-01,PROPIA o PARTNER con licencia; EXTERNA solo con derechos verificados,PENDIENTE: describir Qué hacer desde Búzios y el detalle efectivamente visible,PENDENTE: descrever Qué hacer desde Búzios e o detalhe realmente visível,PENDING: describe Qué hacer desde Búzios and the detail actually visible,NECESARIO; NO RECIBIDO; NO SUBIDO,"Foto original, localización, autor, permiso/uso comercial, producto exacto si comercial"
I023,/destinos/buzios/comer-y-salir/,introducción,fotografía real,hero,horizontal 16:9,Vista real reconocible del lugar o producto identificado — Comer y salir,buzios/gastronomia,buzios/gastronomia/comer-y-salir-hero-01,PROPIA o PARTNER con licencia; EXTERNA solo con derechos verificados,PENDIENTE: describir Comer y salir y el detalle efectivamente visible,PENDENTE: descrever Comer y salir e o detalhe realmente visível,PENDING: describe Comer y salir and the detail actually visible,NECESARIO; NO RECIBIDO; NO SUBIDO,"Foto original, localización, autor, permiso/uso comercial, producto exacto si comercial"
I024,/destinos/buzios/comer-y-salir/,decisión/acceso,fotografía real,card,horizontal 4:3,"Acceso, punto de encuentro o detalle que ayude a elegir — Comer y salir",buzios/gastronomia,buzios/gastronomia/comer-y-salir-card-01,PROPIA o PARTNER con licencia; EXTERNA solo con derechos verificados,PENDIENTE: describir Comer y salir y el detalle efectivamente visible,PENDENTE: descrever Comer y salir e o detalhe realmente visível,PENDING: describe Comer y salir and the detail actually visible,NECESARIO; NO RECIBIDO; NO SUBIDO,"Foto original, localización, autor, permiso/uso comercial, producto exacto si comercial"
I025,/destinos/buzios/cruceros/,introducción,fotografía real,hero,horizontal 16:9,Vista real reconocible del lugar o producto identificado — Búzios en escala,buzios/transportes,buzios/transportes/cruceros-hero-01,PROPIA o PARTNER con licencia; EXTERNA solo con derechos verificados,PENDIENTE: describir Búzios en escala y el detalle efectivamente visible,PENDENTE: descrever Búzios en escala e o detalhe realmente visível,PENDING: describe Búzios en escala and the detail actually visible,NECESARIO; NO RECIBIDO; NO SUBIDO,"Foto original, localización, autor, permiso/uso comercial, producto exacto si comercial"
I026,/destinos/buzios/cruceros/,decisión/acceso,fotografía real,card,horizontal 4:3,"Acceso, punto de encuentro o detalle que ayude a elegir — Búzios en escala",buzios/transportes,buzios/transportes/cruceros-card-01,PROPIA o PARTNER con licencia; EXTERNA solo con derechos verificados,PENDIENTE: describir Búzios en escala y el detalle efectivamente visible,PENDENTE: descrever Búzios en escala e o detalhe realmente visível,PENDING: describe Búzios en escala and the detail actually visible,NECESARIO; NO RECIBIDO; NO SUBIDO,"Foto original, localización, autor, permiso/uso comercial, producto exacto si comercial"
I027,/destinos/buzios/consejos/,introducción,fotografía real,hero,horizontal 16:9,Vista real reconocible del lugar o producto identificado — Preparar la estancia,buzios/zonas,buzios/zonas/consejos-hero-01,PROPIA o PARTNER con licencia; EXTERNA solo con derechos verificados,PENDIENTE: describir Preparar la estancia y el detalle efectivamente visible,PENDENTE: descrever Preparar la estancia e o detalhe realmente visível,PENDING: describe Preparar la estancia and the detail actually visible,NECESARIO; NO RECIBIDO; NO SUBIDO,"Foto original, localización, autor, permiso/uso comercial, producto exacto si comercial"
I028,/destinos/buzios/consejos/,decisión/acceso,fotografía real,card,horizontal 4:3,"Acceso, punto de encuentro o detalle que ayude a elegir — Preparar la estancia",buzios/zonas,buzios/zonas/consejos-card-01,PROPIA o PARTNER con licencia; EXTERNA solo con derechos verificados,PENDIENTE: describir Preparar la estancia y el detalle efectivamente visible,PENDENTE: descrever Preparar la estancia e o detalhe realmente visível,PENDING: describe Preparar la estancia and the detail actually visible,NECESARIO; NO RECIBIDO; NO SUBIDO,"Foto original, localización, autor, permiso/uso comercial, producto exacto si comercial"
I029,/destinos/buzios/alojamiento/apartamentos/,introducción,fotografía real,hero,horizontal 16:9,Vista real reconocible del lugar o producto identificado — Apartamentos en Búzios,buzios/hospedaje,buzios/hospedaje/apartamentos-hero-01,PROPIA o PARTNER con licencia; EXTERNA solo con derechos verificados,PENDIENTE: describir Apartamentos en Búzios y el detalle efectivamente visible,PENDENTE: descrever Apartamentos en Búzios e o detalhe realmente visível,PENDING: describe Apartamentos en Búzios and the detail actually visible,NECESARIO; NO RECIBIDO; NO SUBIDO,"Foto original, localización, autor, permiso/uso comercial, producto exacto si comercial"
I030,/destinos/buzios/alojamiento/apartamentos/,decisión/acceso,fotografía real,card,horizontal 4:3,"Acceso, punto de encuentro o detalle que ayude a elegir — Apartamentos en Búzios",buzios/hospedaje,buzios/hospedaje/apartamentos-card-01,PROPIA o PARTNER con licencia; EXTERNA solo con derechos verificados,PENDIENTE: describir Apartamentos en Búzios y el detalle efectivamente visible,PENDENTE: descrever Apartamentos en Búzios e o detalhe realmente visível,PENDING: describe Apartamentos en Búzios and the detail actually visible,NECESARIO; NO RECIBIDO; NO SUBIDO,"Foto original, localización, autor, permiso/uso comercial, producto exacto si comercial"
I031,/destinos/buzios/experiencias/alquiler-buggy/,introducción,fotografía real,hero,horizontal 16:9,Vista real reconocible del lugar o producto identificado — Alquiler de buggy,buzios/buggy,buzios/buggy/alquiler-buggy-hero-01,PROPIA o PARTNER con licencia; EXTERNA solo con derechos verificados,PENDIENTE: describir Alquiler de buggy y el detalle efectivamente visible,PENDENTE: descrever Alquiler de buggy e o detalhe realmente visível,PENDING: describe Alquiler de buggy and the detail actually visible,NECESARIO; NO RECIBIDO; NO SUBIDO,"Foto original, localización, autor, permiso/uso comercial, producto exacto si comercial"
I032,/destinos/buzios/experiencias/alquiler-buggy/,decisión/acceso,fotografía real,card,horizontal 4:3,"Acceso, punto de encuentro o detalle que ayude a elegir — Alquiler de buggy",buzios/buggy,buzios/buggy/alquiler-buggy-card-01,PROPIA o PARTNER con licencia; EXTERNA solo con derechos verificados,PENDIENTE: describir Alquiler de buggy y el detalle efectivamente visible,PENDENTE: descrever Alquiler de buggy e o detalhe realmente visível,PENDING: describe Alquiler de buggy and the detail actually visible,NECESARIO; NO RECIBIDO; NO SUBIDO,"Foto original, localización, autor, permiso/uso comercial, producto exacto si comercial"
I033,/destinos/buzios/experiencias/paseo-barco/,introducción,fotografía real,hero,horizontal 16:9,Vista real reconocible del lugar o producto identificado — Paseo de barco desde Búzios,buzios/barcos,buzios/barcos/paseo-barco-hero-01,PROPIA o PARTNER con licencia; EXTERNA solo con derechos verificados,PENDIENTE: describir Paseo de barco desde Búzios y el detalle efectivamente visible,PENDENTE: descrever Paseo de barco desde Búzios e o detalhe realmente visível,PENDING: describe Paseo de barco desde Búzios and the detail actually visible,NECESARIO; NO RECIBIDO; NO SUBIDO,"Foto original, localización, autor, permiso/uso comercial, producto exacto si comercial"
I034,/destinos/buzios/experiencias/paseo-barco/,decisión/acceso,fotografía real,card,horizontal 4:3,"Acceso, punto de encuentro o detalle que ayude a elegir — Paseo de barco desde Búzios",buzios/barcos,buzios/barcos/paseo-barco-card-01,PROPIA o PARTNER con licencia; EXTERNA solo con derechos verificados,PENDIENTE: describir Paseo de barco desde Búzios y el detalle efectivamente visible,PENDENTE: descrever Paseo de barco desde Búzios e o detalhe realmente visível,PENDING: describe Paseo de barco desde Búzios and the detail actually visible,NECESARIO; NO RECIBIDO; NO SUBIDO,"Foto original, localización, autor, permiso/uso comercial, producto exacto si comercial"
I035,/destinos/buzios/experiencias/arraial-do-cabo/,introducción,fotografía real,hero,horizontal 16:9,Vista real reconocible del lugar o producto identificado — Arraial desde Búzios,buzios/arraial,buzios/arraial/arraial-do-cabo-hero-01,PROPIA o PARTNER con licencia; EXTERNA solo con derechos verificados,PENDIENTE: describir Arraial desde Búzios y el detalle efectivamente visible,PENDENTE: descrever Arraial desde Búzios e o detalhe realmente visível,PENDING: describe Arraial desde Búzios and the detail actually visible,NECESARIO; NO RECIBIDO; NO SUBIDO,"Foto original, localización, autor, permiso/uso comercial, producto exacto si comercial"
I036,/destinos/buzios/experiencias/arraial-do-cabo/,decisión/acceso,fotografía real,card,horizontal 4:3,"Acceso, punto de encuentro o detalle que ayude a elegir — Arraial desde Búzios",buzios/arraial,buzios/arraial/arraial-do-cabo-card-01,PROPIA o PARTNER con licencia; EXTERNA solo con derechos verificados,PENDIENTE: describir Arraial desde Búzios y el detalle efectivamente visible,PENDENTE: descrever Arraial desde Búzios e o detalhe realmente visível,PENDING: describe Arraial desde Búzios and the detail actually visible,NECESARIO; NO RECIBIDO; NO SUBIDO,"Foto original, localización, autor, permiso/uso comercial, producto exacto si comercial"
I037,/destinos/buzios/experiencias/cabo-frio/,introducción,fotografía real,hero,horizontal 16:9,Vista real reconocible del lugar o producto identificado — Cabo Frio desde Búzios,buzios/cabo-frio,buzios/cabo-frio/cabo-frio-hero-01,PROPIA o PARTNER con licencia; EXTERNA solo con derechos verificados,PENDIENTE: describir Cabo Frio desde Búzios y el detalle efectivamente visible,PENDENTE: descrever Cabo Frio desde Búzios e o detalhe realmente visível,PENDING: describe Cabo Frio desde Búzios and the detail actually visible,NECESARIO; NO RECIBIDO; NO SUBIDO,"Foto original, localización, autor, permiso/uso comercial, producto exacto si comercial"
I038,/destinos/buzios/experiencias/cabo-frio/,decisión/acceso,fotografía real,card,horizontal 4:3,"Acceso, punto de encuentro o detalle que ayude a elegir — Cabo Frio desde Búzios",buzios/cabo-frio,buzios/cabo-frio/cabo-frio-card-01,PROPIA o PARTNER con licencia; EXTERNA solo con derechos verificados,PENDIENTE: describir Cabo Frio desde Búzios y el detalle efectivamente visible,PENDENTE: descrever Cabo Frio desde Búzios e o detalhe realmente visível,PENDING: describe Cabo Frio desde Búzios and the detail actually visible,NECESARIO; NO RECIBIDO; NO SUBIDO,"Foto original, localización, autor, permiso/uso comercial, producto exacto si comercial"
I039,/destinos/buzios/alojamiento/apartamentos/ — plantilla por propiedad real,dormitorios,fotografía documental,galería,horizontal 4:3 y detalle vertical si útil,Camas reales de cada dormitorio sin gran angular engañoso,buzios/hospedaje/[id-real],buzios/hospedaje/[id-real]/dormitorios-01,PROPIA/PARTNER autorizada,PENDIENTE según foto y unidad real,PENDENTE conforme foto e unidade real,PENDING based on actual photo and property,NECESARIO; NO INVENTARIO NI FOTO RECIBIDA,"ID real, unidad/fecha/autor/permiso; confirmar que foto pertenece a unidad ofrecida"
I040,/destinos/buzios/alojamiento/apartamentos/ — plantilla por propiedad real,cocina,fotografía documental,galería,horizontal 4:3 y detalle vertical si útil,Equipo real disponible y distribución,buzios/hospedaje/[id-real],buzios/hospedaje/[id-real]/cocina-01,PROPIA/PARTNER autorizada,PENDIENTE según foto y unidad real,PENDENTE conforme foto e unidade real,PENDING based on actual photo and property,NECESARIO; NO INVENTARIO NI FOTO RECIBIDA,"ID real, unidad/fecha/autor/permiso; confirmar que foto pertenece a unidad ofrecida"
I041,/destinos/buzios/alojamiento/apartamentos/ — plantilla por propiedad real,baño,fotografía documental,galería,horizontal 4:3 y detalle vertical si útil,Acceso y dimensiones reales,buzios/hospedaje/[id-real],buzios/hospedaje/[id-real]/baño-01,PROPIA/PARTNER autorizada,PENDIENTE según foto y unidad real,PENDENTE conforme foto e unidade real,PENDING based on actual photo and property,NECESARIO; NO INVENTARIO NI FOTO RECIBIDA,"ID real, unidad/fecha/autor/permiso; confirmar que foto pertenece a unidad ofrecida"
I042,/destinos/buzios/alojamiento/apartamentos/ — plantilla por propiedad real,entrada,fotografía documental,galería,horizontal 4:3 y detalle vertical si útil,Escaleras/rampa/ascensor y recorrido desde calle,buzios/hospedaje/[id-real],buzios/hospedaje/[id-real]/entrada-01,PROPIA/PARTNER autorizada,PENDIENTE según foto y unidad real,PENDENTE conforme foto e unidade real,PENDING based on actual photo and property,NECESARIO; NO INVENTARIO NI FOTO RECIBIDA,"ID real, unidad/fecha/autor/permiso; confirmar que foto pertenece a unidad ofrecida"
I043,/destinos/buzios/alojamiento/apartamentos/ — plantilla por propiedad real,estacionamiento,fotografía documental,galería,horizontal 4:3 y detalle vertical si útil,Plaza real y maniobra; no foto genérica,buzios/hospedaje/[id-real],buzios/hospedaje/[id-real]/estacionamiento-01,PROPIA/PARTNER autorizada,PENDIENTE según foto y unidad real,PENDENTE conforme foto e unidade real,PENDING based on actual photo and property,NECESARIO; NO INVENTARIO NI FOTO RECIBIDA,"ID real, unidad/fecha/autor/permiso; confirmar que foto pertenece a unidad ofrecida"
I044,/destinos/buzios/alojamiento/apartamentos/ — plantilla por propiedad real,entorno,fotografía documental,galería,horizontal 4:3 y detalle vertical si útil,Ruta peatonal hasta playa/servicios sin tiempo inventado,buzios/hospedaje/[id-real],buzios/hospedaje/[id-real]/entorno-01,PROPIA/PARTNER autorizada,PENDIENTE según foto y unidad real,PENDENTE conforme foto e unidade real,PENDING based on actual photo and property,NECESARIO; NO INVENTARIO NI FOTO RECIBIDA,"ID real, unidad/fecha/autor/permiso; confirmar que foto pertenece a unidad ofrecida"
