id,candidato,categoria,clasificacion,que_vende,cliente,valor_aportado_ec,encaje,programa_publico,comision,a_negociar,estado,fuentes,url,contactado
P01,RentBuggyBuzios,alquiler buggy,PROVEEDOR POTENCIAL,alquiler autoconducido,familias/parejas autónomas,Leads ES/PT/EN con fechas y alojamiento,captación/consulta cualificada; no contrato ni recomendación de calidad,POSIBLE PARTNERSHIP — REQUIERE CONTACTO,NO NEGOCIADA; NO GARANTIZADA,contrato/caución/seguro/documentos/flota/área de uso/averías,OPORTUNIDAD; REQUIERE VERIFICACIÓN y ERNESTO,S18,https://rentbuggybuzios.com/pt,NO
P02,Buziana Tour,buggy/escuna,PROVEEDOR POTENCIAL,paseos de buggy y escuna observados,huésped o visitante,Separar alquiler de paseo; calificar origen y grupo,captación/consulta cualificada; no contrato ni recomendación de calidad,POSIBLE PARTNERSHIP — REQUIERE CONTACTO,NO NEGOCIADA; NO GARANTIZADA,fichas vigentes/conductor/cupo/embarque/licencias,OPORTUNIDAD; REQUIERE VERIFICACIÓN y ERNESTO,S19,https://buzianatour.com.br/passeio/passeio-de-buggy,NO
P03,Búzios Destino,DMC/B2B,COMISIÓN/INTERMEDIACIÓN POSIBLE,receptivo; actividades; transfer; grupos,agencias/grupos,Canal hispano con ficha de consulta completa,captación/consulta cualificada; no contrato ni recomendación de calidad,Tarifario NET histórico vencido; no condiciones actuales,NO NEGOCIADA; NO GARANTIZADA,tarifario2026/27; contrato NET; autorizaciones; soporte; PDF vencido,OPORTUNIDAD; REQUIERE VERIFICACIÓN y ERNESTO,S20,https://buziosdestino.com.br/assets/files/BD-Tarifario-Operador-MercadoB2B..pdf,NO
P04,Trip Búzios,receptivo regional,PARTNER POTENCIAL,actividades desde Búzios; Arraial/CaboFrio/transfers,turista alojado; ES/PT/EN,Demanda diferenciada por salida Búzios,captación/consulta cualificada; no contrato ni recomendación de calidad,POSIBLE PARTNERSHIP — REQUIERE CONTACTO,NO NEGOCIADA; NO GARANTIZADA,"operador efectivo, condiciones, convenio, vouchers, pago, cancelación",OPORTUNIDAD; REQUIERE VERIFICACIÓN y ERNESTO,S21,https://tripbuzios.com/pt,NO
P05,P&P Mergulho,buceo,PROVEEDOR POTENCIAL,iniciación/cursos/buceo/snorkel,principiantes y certificados,Consultas por nivel/lengua con perfil correcto,captación/consulta cualificada; no contrato ni recomendación de calidad,POSIBLE PARTNERSHIP — REQUIERE CONTACTO,NO NEGOCIADA; NO GARANTIZADA,certificación vigente; operación; adaptaciones; requisitos; condiciones,OPORTUNIDAD; REQUIERE VERIFICACIÓN y ERNESTO,S22;S23,https://pandp.com.br/;https://www.padi.com/dive-center/brazil/pp-mergulho/,NO
P06,Búzios Divers,buceo,PROVEEDOR POTENCIAL,centro listado en PADI,buceador visitante,Leads ES y calendario acordado,captación/consulta cualificada; no contrato ni recomendación de calidad,POSIBLE PARTNERSHIP — REQUIERE CONTACTO,NO NEGOCIADA; NO GARANTIZADA,identidad operativa actual; registro; idioma; cupos; tarifa,OPORTUNIDAD; REQUIERE VERIFICACIÓN y ERNESTO,S24,https://www.padi.com/dive-center/brazil/buzios-divers/,NO
P07,Mareia Visuals,snorkel/buceo/foto,COMISIÓN/INTERMEDIACIÓN POSIBLE,snorkel y buceo; canal público socios,huéspedes agencias/pousadas,Ficha ES/PT/EN; consultas sin prometer mar,captación/consulta cualificada; no contrato ni recomendación de calidad,Canal público de socios; valor negociado no publicado,NO NEGOCIADA; NO GARANTIZADA,"valor net negociado, contrato, cupos, confirmación, derechos de material",OPORTUNIDAD; REQUIERE VERIFICACIÓN y ERNESTO,S25;S26,https://mareiavisuals.com.br/;https://mareiavisuals.com.br/parceiros/,NO
P08,Fresia Surf Class,surf,PROVEEDOR POTENCIAL,clases por nivel Geribá,principiantes/deportistas,"Leads por nivel, idioma y zona",captación/consulta cualificada; no contrato ni recomendación de calidad,POSIBLE PARTNERSHIP — REQUIERE CONTACTO,NO NEGOCIADA; NO GARANTIZADA,paquetes reales; edades; equipo; clima; precio; convenio,OPORTUNIDAD; REQUIERE VERIFICACIÓN y ERNESTO,S27,https://fresiasurfclass.com.br/,NO
P09,Búzios Kitesurf School,kite,PROVEEDOR POTENCIAL,clases Rasa,viajero deportista,Consulta calificada por nivel y fecha,captación/consulta cualificada; no contrato ni recomendación de calidad,POSIBLE PARTNERSHIP — REQUIERE CONTACTO,NO NEGOCIADA; NO GARANTIZADA,"credenciales, viento, cupos, idioma, condiciones",OPORTUNIDAD; REQUIERE VERIFICACIÓN y ERNESTO,S28,https://edugraf2.wixsite.com/buzioskitesurfschool,NO
P10,Foil Búzios,deportes acuáticos,PROVEEDOR POTENCIAL,wing/kite/wake observados,aventura especializada,Explicación ES de modalidades,captación/consulta cualificada; no contrato ni recomendación de calidad,POSIBLE PARTNERSHIP — REQUIERE CONTACTO,NO NEGOCIADA; NO GARANTIZADA,base vigente; instructor; requisitos; convenio,OPORTUNIDAD; REQUIERE VERIFICACIÓN y ERNESTO,S29,https://www.foilbuzios.com/,NO
P11,InBúzios Náutica,lancha privada,PROVEEDOR POTENCIAL,charter premium observado,parejas/grupos privados,Lead con grupo/fecha/presupuesto,captación/consulta cualificada; no contrato ni recomendación de calidad,POSIBLE PARTNERSHIP — REQUIERE CONTACTO,NO NEGOCIADA; NO GARANTIZADA,barco de foto=barco contratado; cupo/patrón/registro/precio,OPORTUNIDAD; REQUIERE VERIFICACIÓN y ERNESTO,S30,https://inbuziosnautica.com.br/,NO
P12,Búzios Boat,barcos/eventos,PROVEEDOR POTENCIAL,paseos/fiestas náuticas observados,grupos/celebraciones,Lead por ocasión; modalidad definida,captación/consulta cualificada; no contrato ni recomendación de calidad,POSIBLE PARTNERSHIP — REQUIERE CONTACTO,NO NEGOCIADA; NO GARANTIZADA,flota real/licencias/seguridad/embarque/condiciones,OPORTUNIDAD; REQUIERE VERIFICACIÓN y ERNESTO,S31,https://buziosboat.com/,NO
P13,Alfamar Charter,charter/pesca,PROVEEDOR POTENCIAL,charters regionales y pesca,premium/deportista,Consulta localizada Búzios,captación/consulta cualificada; no contrato ni recomendación de calidad,POSIBLE PARTNERSHIP — REQUIERE CONTACTO,NO NEGOCIADA; NO GARANTIZADA,"base, flota, proveedor, permisos, contratación",OPORTUNIDAD; REQUIERE VERIFICACIÓN y ERNESTO,S32,https://www.alfamarcharter.com/home/,NO
P14,BF Turismo Búzios,excursiones regionales,PROVEEDOR POTENCIAL,Arraial desde región,huésped Búzios,Leads diferenciados de Río,captación/consulta cualificada; no contrato ni recomendación de calidad,POSIBLE PARTNERSHIP — REQUIERE CONTACTO,NO NEGOCIADA; NO GARANTIZADA,"salida, pickup, barco, tasas, operador vigente, acuerdo",OPORTUNIDAD; REQUIERE VERIFICACIÓN y ERNESTO,S33,https://bfturismobuzios.com.br/arraial-do-cabo,NO
P15,Humaitá Turismo,transfer/receptivo,PARTNER POTENCIAL,Río/Búzios y paquetes,hispano y doméstico,Continuación llegada→estancia,captación/consulta cualificada; no contrato ni recomendación de calidad,POSIBLE PARTNERSHIP — REQUIERE CONTACTO,NO NEGOCIADA; NO GARANTIZADA,rutas/flota/precio/contrato; no política de otra agencia,OPORTUNIDAD; REQUIERE VERIFICACIÓN y ERNESTO,S34,https://humaitaturismo.com/,NO
P16,Edu Transfer,transfers,PROVEEDOR POTENCIAL,transporte regional,aeropuerto/familias/grupos,Datos completos vuelo/equipaje/niños,captación/consulta cualificada; no contrato ni recomendación de calidad,POSIBLE PARTNERSHIP — REQUIERE CONTACTO,NO NEGOCIADA; NO GARANTIZADA,"documentación, cobertura, espera, cancelación, contacto operativo",OPORTUNIDAD; REQUIERE VERIFICACIÓN y ERNESTO,S35,https://www.edutransfer.com.br/,NO
P17,Autoviação 1001,bus,NO CLARO / REQUIERE NEGOCIACIÓN,billetes de bus,viajero independiente,Información útil con canal oficial,captación/consulta cualificada; no contrato ni recomendación de calidad,POSIBLE PARTNERSHIP — REQUIERE CONTACTO,NO NEGOCIADA; NO GARANTIZADA,"NO comisión identificada; enlace informativo, no convenio asumido",OPORTUNIDAD; REQUIERE VERIFICACIÓN y ERNESTO,S09;S10,https://www.riogaleao.com/passageiros/explore-riogaleao/servicos-e-conveniencia/1001-buzios-macae/;https://www.autoviacao1001.com.br/content/jca/viacao1001/pt-br.html,NO
P18,Porto Veleiro Búzios,portuario/cruceros,PARTNER POTENCIAL,operación portuaria y escalas publicadas,cruceristas,Información de encuentro actualizada,captación/consulta cualificada; no contrato ni recomendación de calidad,POSIBLE PARTNERSHIP — REQUIERE CONTACTO,NO NEGOCIADA; NO GARANTIZADA,"operativa, acceso, permiso captación, responsable de datos; no excursión contratada",OPORTUNIDAD; REQUIERE VERIFICACIÓN y ERNESTO,S11,https://portoveleirobuzios.com.br/escala-navios.asp,NO
P19,Porto da Barra,gastronomía/compras,LEAD GENERATION,complejo comercial/gastronómico,parejas/familias,"Guía por perfil, llegada y regreso",captación/consulta cualificada; no contrato ni recomendación de calidad,POSIBLE PARTNERSHIP — REQUIERE CONTACTO,NO NEGOCIADA; NO GARANTIZADA,negocio específico; campaña transparente; datos/horarios; no comisión de complejo,OPORTUNIDAD; REQUIERE VERIFICACIÓN y ERNESTO,S36,https://www.portodabarrabuzios.com.br/,NO
P20,Rocka,restaurante/premium,LEAD GENERATION,restaurante/lounge/eventos,parejas/ocasiones,Leads ES por ocasión y grupo,captación/consulta cualificada; no contrato ni recomendación de calidad,POSIBLE PARTNERSHIP — REQUIERE CONTACTO,NO NEGOCIADA; NO GARANTIZADA,"reservas, capacidad, acceso, condiciones, remuneración si acuerda",OPORTUNIDAD; REQUIERE VERIFICACIÓN y ERNESTO,S37,https://rockafish.com.br/,NO
P21,Silk Beach Club,day use/eventos/bodas,LEAD GENERATION,beach club y eventos,premium/grupos,Aclarar day use vs evento,captación/consulta cualificada; no contrato ni recomendación de calidad,POSIBLE PARTNERSHIP — REQUIERE CONTACTO,NO NEGOCIADA; NO GARANTIZADA,consumo/entrada/admisión/agenda; roles y tarifas contrato,OPORTUNIDAD; REQUIERE VERIFICACIÓN y ERNESTO,S38,https://www.silkbeachclub.com.br/,NO
P22,Insólito Hotel Boutique & Spa,hotel/wellness,PARTNER POTENCIAL,hotel/spa Ferradura,pareja/premium,Leads alojamiento y bienestar separados,captación/consulta cualificada; no contrato ni recomendación de calidad,POSIBLE PARTNERSHIP — REQUIERE CONTACTO,NO NEGOCIADA; NO GARANTIZADA,acceso externos; tarifas net; disponibilidad; derechos foto,OPORTUNIDAD; REQUIERE VERIFICACIÓN y ERNESTO,S39,https://insolitohotel.com/,NO
P23,Vila da Santa,hotel/bodas,PARTNER POTENCIAL,hotel boutique/eventos Ossos,parejas/bodas/corporativo,Leads ES calificados por evento,captación/consulta cualificada; no contrato ni recomendación de calidad,POSIBLE PARTNERSHIP — REQUIERE CONTACTO,NO NEGOCIADA; NO GARANTIZADA,rooming/cupos/roles; tarifa; planner; contrato y permiso de marca,OPORTUNIDAD; REQUIERE VERIFICACIÓN y ERNESTO,S40,https://www.viladasanta.com/eventos,NO
P24,Pedra da Laguna,hotel/spa/eventos,PARTNER POTENCIAL,hotel y eventos observados,parejas/grupos,Lead segmentado,captación/consulta cualificada; no contrato ni recomendación de calidad,POSIBLE PARTNERSHIP — REQUIERE CONTACTO,NO NEGOCIADA; NO GARANTIZADA,"ficha vigente, roles, oferta externos, tarifas/contrato",OPORTUNIDAD; REQUIERE VERIFICACIÓN y ERNESTO,S41,https://pedradalaguna.com.br/eventos/,NO
P25,Fishbone / organizador Go Fish,música/beach club,PARTNER POTENCIAL,música/eventos con venta oficial,joven/grupos,Contenido de perfil con retorno y fuente oficial,captación/consulta cualificada; no contrato ni recomendación de calidad,POSIBLE PARTNERSHIP — REQUIERE CONTACTO,NO NEGOCIADA; NO GARANTIZADA,programación vigente; afiliación si existe; permisos; cancelación,OPORTUNIDAD; REQUIERE VERIFICACIÓN y ERNESTO,S42;S43,https://fishbonebuzios.com.br/;https://www.buziosgofish.com/,NO
P26,Circuito Arte Búzios,arte/artesanía/eventos,PARTNER POTENCIAL,evento cultural y artistas,familias/cultural,Cobertura respetuosa ES y contacto cultural,captación/consulta cualificada; no contrato ni recomendación de calidad,POSIBLE PARTNERSHIP — REQUIERE CONTACTO,NO NEGOCIADA; NO GARANTIZADA,"agenda primaria, licencia fotos, colaboración editorial; no comisión supuesta",OPORTUNIDAD; REQUIERE VERIFICACIÓN y ERNESTO,S14,https://circuitoartebuzios.com/2026/07/17/divulgacao/,NO
P27,Propietarios/administradores de Ernesto,apartamentos,PROVEEDOR POTENCIAL,inventario real aún no entregado,familias/grupos/parejas,Canal de consulta ES/PT/EN y ficha por unidad,captación/consulta cualificada; no contrato ni recomendación de calidad,POSIBLE PARTNERSHIP — REQUIERE CONTACTO,NO NEGOCIADA; NO GARANTIZADA,"identidad, autorización, dirección, aforo, camas, precio/calendario/reglas",OPORTUNIDAD; REQUIERE VERIFICACIÓN y ERNESTO,REQUIERE ERNESTO,,NO
P28,Representantes comunitarios Rasa,patrimonio/cultura,NO CLARO / REQUIERE NEGOCIACIÓN,participación cultural; no oferta turística confirmada,visitante cultural,Autoría/beneficio local; información no extractiva,captación/consulta cualificada; no contrato ni recomendación de calidad,POSIBLE PARTNERSHIP — REQUIERE CONTACTO,NO NEGOCIADA; NO GARANTIZADA,"interlocutor legítimo, consentimiento, rutas admitidas, remuneración acordada",OPORTUNIDAD; REQUIERE VERIFICACIÓN y ERNESTO,S58;S59,https://www.mpf.mp.br/o-mpf/unidades/pr-rj/noticias/mpf-convoca-consulta-aos-quilombolas-sobre-obra-do-mirante-do-pai-vitorio-e-impactos-em-comunidade;https://agenciadenoticias.ibge.gov.br/agencia-noticias/2012-agencia-de-noticias/noticias/34807-no-quilombo-maria-joaquina-dia-de-mobilizacao-nacional-para-censo-inedito-no-pais,NO
P29,Booking.com / CJ,afiliado alojamiento,AFILIADO POTENCIAL,inventario OTA,turista sin propiedad EC adecuada,Cobertura complementaria sin catálogo ficticio,captación/consulta cualificada; no contrato ni recomendación de calidad,Programa público: inscripción/contrato requeridos; sin cuenta EC confirmada,NO NEGOCIADA; NO GARANTIZADA,alta/contrato/red/atribución; porcentaje no publicado en página revisada,OPORTUNIDAD; REQUIERE VERIFICACIÓN y ERNESTO,S52,https://www.booking.com/affiliate-program/v2/index.en-gb.html,NO
P30,GetYourGuide,afiliado actividades,AFILIADO POTENCIAL,marketplace y programa público,viajero independiente,Solo producto/idioma/salida pertinente,captación/consulta cualificada; no contrato ni recomendación de calidad,Programa público: inscripción/contrato requeridos; sin cuenta EC confirmada,NO NEGOCIADA; NO GARANTIZADA,alta elegibilidad/contrato; hasta8% publicado no tarifa garantizada EC,OPORTUNIDAD; REQUIERE VERIFICACIÓN y ERNESTO,S53,https://partner.getyourguide.support/hc/en-us/articles/23082933149981-How-to-get-started-with-the-Affiliate-Program-as-a-Creator,NO
