id,playa,perfil,mar,acceso,estructura_gastronomia,movilidad_estacionamiento_barco,decision_url,valor_seo,potencial_comercial,estado,fuentes
PL01,Geribá,surf; jóvenes; grupos,Mar abierto; evaluar sectores y condiciones,Accesos urbanos; elegir extremo y salida,Escuelas y quioscos; operación variable,Auto/taxi/van + tramo final; medir estacionamiento,V1,Cualitativo: entidad y pregunta específica; sin volumen medido,surf; alojamiento cercano,OBSERVACIÓN DE MERCADO; REQUIERE VERIFICACIÓN de condiciones y acceso,S01;S27;S06
PL02,João Fernandes,primera visita; snorkel; familias,Ensenada; ninguna garantía de mar tranquilo,Vías y pendientes de alojamiento distintas,Restaurantes y operadores acuáticos,Verificar ruta a pie; taxi náutico y embarque del día,V1,Cualitativo: entidad y pregunta específica; sin volumen medido,snorkel; buceo; alojamiento,OBSERVACIÓN DE MERCADO; REQUIERE VERIFICACIÓN de condiciones y acceso,S01;S25;S23
PL03,João Fernandinho,calas; snorkel; parejas,Condiciones variables,Verificar escaleras y desembarque,Oferta puntual a verificar,No prometer acceso accesible por proximidad,sección João Fernandes,Cualitativo: entidad y pregunta específica; sin volumen medido,snorkel guiado,OBSERVACIÓN DE MERCADO; REQUIERE VERIFICACIÓN de condiciones y acceso,S25;S03
PL04,Ferradura,familias; parejas; SUP,Ensenada; supervisión y mar del día,Accesos por calles; medir pendiente a alojamiento,Oferta recreativa observada; reconfirmar,Taxi/auto; reserva de plaza no garantizada,V1,Cualitativo: entidad y pregunta específica; sin volumen medido,wellness; alojamiento; SUP,OBSERVACIÓN DE MERCADO; REQUIERE VERIFICACIÓN de condiciones y acceso,S01;S03;S39
PL05,Ferradurinha,kayak; SUP; parejas,Cala; aforo y oleaje variables,No es vecina de Ferradura; verificar acceso desde Geribá,Oferta acuática a validar,Tramo final peatonal; medir peldaños,V2,Cualitativo: entidad y pregunta específica; sin volumen medido,SUP/kayak; contenido por acceso,OBSERVACIÓN DE MERCADO; REQUIERE VERIFICACIÓN de condiciones y acceso,S01;S03
PL06,Azeda,paisaje; parejas; visitas cortas,Cala protegida; cambia según día,Escaleras desde Ossos,No asumir restaurantes ni quioscos permanentes,Alternativa barco condicionada; verificar desembarque,V1 agrupada Azedinha,Cualitativo: entidad y pregunta específica; sin volumen medido,paseo náutico; itinerario peatonal,OBSERVACIÓN DE MERCADO; REQUIERE VERIFICACIÓN de condiciones y acceso,S03;S06
PL07,Azedinha,calas; fotografía,Cala pequeña; aforo/condición variable,Continuación desde Azeda; verificar roca/escalón,Sin inventario independiente confirmado,Mismo recorrido; no segunda URL V1,sección Azeda,Cualitativo: entidad y pregunta específica; sin volumen medido,autoridad; fotografía,OBSERVACIÓN DE MERCADO; REQUIERE VERIFICACIÓN de condiciones y acceso,S03;S06
PL08,Tartaruga,familias; tarde; snorkel,Condiciones no garantizadas,Verificar tramo final y acceso vial,Estructura sujeta a ordenamiento,Taxi/auto/barco solo con operación confirmada,V2,Cualitativo: entidad y pregunta específica; sin volumen medido,snorkel; barco; tarde,OBSERVACIÓN DE MERCADO; REQUIERE VERIFICACIÓN de condiciones y acceso,S01;S06
PL09,Brava,beach clubs; surf; premium,Mar abierto,Acceso Avenida do Forno; pendientes por medir,Rocka/Silk observados; consumo/entrada a confirmar,Taxi/auto; regreso nocturno organizado,V2,Cualitativo: entidad y pregunta específica; sin volumen medido,restaurante; day use; bodas,OBSERVACIÓN DE MERCADO; REQUIERE VERIFICACIÓN de condiciones y acceso,S04;S37;S38
PL10,Forno,paisaje; familia con logística,Mar variable; balneabilidad fechada,Verificar acceso y equipamiento actual,Evento asistido no servicio cotidiano,Taxi/auto; validar desembarque/rampa,V2,Cualitativo: entidad y pregunta específica; sin volumen medido,fotografía; contenido accesibilidad,OBSERVACIÓN DE MERCADO; REQUIERE VERIFICACIÓN de condiciones y acceso,S01;S69;S05
PL11,Ossos,historia; base céntrica,Uso náutico y baño deben distinguirse,Área histórica; medir recorrido real,Hotelería boutique observada,Salida hacia Azeda; barcos según operador,sección alojamiento,Cualitativo: entidad y pregunta específica; sin volumen medido,alojamiento; paseo histórico,OBSERVACIÓN DE MERCADO; REQUIERE VERIFICACIÓN de condiciones y acceso,S40;S03
PL12,Armação,centro; cruceros; embarques,No recomendar baño por defecto,Orla; muelle exacto lo confirma operador,Servicios centrales y embarque,Tender/embarcación distintos de tour; retorno obligatorio,sección cruceros,Cualitativo: entidad y pregunta específica; sin volumen medido,crucerista; barco; transfer,OBSERVACIÓN DE MERCADO; REQUIERE VERIFICACIÓN de condiciones y acceso,S11;S21
PL13,Canto,caminar; centro; noche,No prometer baño,Acceso central; pavimento por verificar,Comercio cercano,Punto peatonal; validar servicios,sección centro,Cualitativo: entidad y pregunta específica; sin volumen medido,alojamiento; gastronomía,OBSERVACIÓN DE MERCADO; REQUIERE VERIFICACIÓN de condiciones y acceso,S02;S64
PL14,Manguinhos,puesta de sol; kite; comida,Viento/mar variables,Frente costero y avenidas diferentes,Porto da Barra,Auto/taxi; parqueo según establecimiento,sección alojamiento,Cualitativo: entidad y pregunta específica; sin volumen medido,gastronomía; kite; hospedaje,OBSERVACIÓN DE MERCADO; REQUIERE VERIFICACIÓN de condiciones y acceso,S36;S01
PL15,Rasa,kite; estancias largas; cultura,Viento; no equivalente a cala protegida,Área extensa más distante del núcleo,Oferta dispersa; comprobar proveedores,Auto/transfer; no asumir taxi náutico,V2,Cualitativo: entidad y pregunta específica; sin volumen medido,kite; casas; patrimonio,OBSERVACIÓN DE MERCADO; REQUIERE VERIFICACIÓN de condiciones y acceso,S60;S28;S58
PL16,Tucuns,surf; naturaleza; resort,Mar abierto,Acceso y distancia al centro por verificar,Alojamiento/servicios puntuales,Auto/taxi; regreso y tráfico,V2,Cualitativo: entidad y pregunta específica; sin volumen medido,surf; alojamiento por producto real,OBSERVACIÓN DE MERCADO; REQUIERE VERIFICACIÓN de condiciones y acceso,S61;S64
PL17,José Gonçalves,naturaleza; surf,Mar abierto según operadores; fuentes discrepan,Verificar camino y condiciones actuales,No garantizar quiosco operativo,Auto y tramo final; estacionamiento pendiente,FUTURO,Cualitativo: entidad y pregunta específica; sin volumen medido,guía local; sendero validado,OBSERVACIÓN DE MERCADO; REQUIERE VERIFICACIÓN de condiciones y acceso,S61;S64
PL18,Caravelas,naturaleza; resort,Mar abierto; baño no garantizado,Paso por complejo: confirmar acceso público efectivo,Oferta ligada a recinto a comprobar,Auto/transfer; no prometer paso sin restricciones,FUTURO,Cualitativo: entidad y pregunta específica; sin volumen medido,resort; naturaleza con guía,OBSERVACIÓN DE MERCADO; REQUIERE VERIFICACIÓN de condiciones y acceso,S63;S64
PL19,Foca,fotografía; paseo breve,Marea/rocas requieren verificación,Próxima a Forno; recorrido de campo pendiente,No estructura confirmada,No recomendar niños/movilidad reducida sin inspección,sección naturaleza,Cualitativo: entidad y pregunta específica; sin volumen medido,autoridad; foto sin producto prometido,OBSERVACIÓN DE MERCADO; REQUIERE VERIFICACIÓN de condiciones y acceso,S62
PL20,Olho de Boi,naturismo; adultos,Mar y camino variables,Sendero desde Brava; verificar dificultad,No servicios confirmados,Privacidad y consentimiento fotográfico; no guía familiar genérica,FUTURO,Cualitativo: entidad y pregunta específica; sin volumen medido,autoridad específica,OBSERVACIÓN DE MERCADO; REQUIERE VERIFICACIÓN de condiciones y acceso,S04
PL21,Amores,sendero; fotografía,Marea modifica paso,Costón desde Canto: verificar ruta,No servicio confirmado,No prometer acceso fácil o apto para menores,sección naturaleza,Cualitativo: entidad y pregunta específica; sin volumen medido,guía habilitado condicionado,OBSERVACIÓN DE MERCADO; REQUIERE VERIFICACIÓN de condiciones y acceso,S67;S64
PL22,Virgens,naturaleza; sendero,Marea modifica acceso,Ruta descrita por operador; sin certificado de seguridad,No servicios confirmados,Inspección y retorno antes de recomendar,sección naturaleza,Cualitativo: entidad y pregunta específica; sin volumen medido,autoridad,OBSERVACIÓN DE MERCADO; REQUIERE VERIFICACIÓN de condiciones y acceso,S67
PL23,Gorda,memoria; paisaje; Rasa,No perfil de baño verificado,Verificar ruta y vínculo comunitario,Oferta comunitaria sin producto contratado,"Recorrido cultural con interlocutor, no visita invasiva",sección Rasa,Cualitativo: entidad y pregunta específica; sin volumen medido,patrimonio sin venta automática,OBSERVACIÓN DE MERCADO; REQUIERE VERIFICACIÓN de condiciones y acceso,S64;S58;S59
