id,cluster,idioma,consulta_cualitativa,intencion,url_propuesta,fase,diferenciacion,evidencia,fuentes,volumen,kd,cpc,validacion_futura
SEO01-ES,A02,ES,Búzios guía de viaje,planificar estancia,/destinos/buzios/,V1,estancia vs excursión Río,"SERP y contenidos reales; interpretación cualitativa, no demanda cuantificada",S01;S45;S47,NO MEDIDO,NO MEDIDO,NO MEDIDO,Search Console: consultas/impressions/clics por idioma y URL; leads útiles por origen; sin ranking prometido
SEO01-PT-BR,A02,PT-BR,guia de Búzios,planificar estancia,/pt/destinos/buzios/,V1,estancia vs excursión Río,"SERP y contenidos reales; interpretación cualitativa, no demanda cuantificada",S01;S45;S47,NO MEDIDO,NO MEDIDO,NO MEDIDO,Search Console: consultas/impressions/clics por idioma y URL; leads útiles por origen; sin ranking prometido
SEO01-EN,A02,EN,Buzios travel guide,planificar estancia,/en/destinos/buzios/,V1,estancia vs excursión Río,"SERP y contenidos reales; interpretación cualitativa, no demanda cuantificada",S01;S45;S47,NO MEDIDO,NO MEDIDO,NO MEDIDO,Search Console: consultas/impressions/clics por idioma y URL; leads útiles por origen; sin ranking prometido
SEO02-ES,A03,ES,playas de Búzios,elegir playa,/destinos/buzios/playas/,V1,selección por condiciones y acceso,"SERP y contenidos reales; interpretación cualitativa, no demanda cuantificada",S03;S64,NO MEDIDO,NO MEDIDO,NO MEDIDO,Search Console: consultas/impressions/clics por idioma y URL; leads útiles por origen; sin ranking prometido
SEO02-PT-BR,A03,PT-BR,praias de Búzios,elegir playa,/pt/destinos/buzios/playas/,V1,selección por condiciones y acceso,"SERP y contenidos reales; interpretación cualitativa, no demanda cuantificada",S03;S64,NO MEDIDO,NO MEDIDO,NO MEDIDO,Search Console: consultas/impressions/clics por idioma y URL; leads útiles por origen; sin ranking prometido
SEO02-EN,A03,EN,Buzios beaches,elegir playa,/en/destinos/buzios/playas/,V1,selección por condiciones y acceso,"SERP y contenidos reales; interpretación cualitativa, no demanda cuantificada",S03;S64,NO MEDIDO,NO MEDIDO,NO MEDIDO,Search Console: consultas/impressions/clics por idioma y URL; leads útiles por origen; sin ranking prometido
SEO03-ES,A04,ES,playa Geribá,visitar playa,/destinos/buzios/playas/geriba/,V1,entidad playa; alojamiento es otra tarea,"SERP y contenidos reales; interpretación cualitativa, no demanda cuantificada",S27;S03,NO MEDIDO,NO MEDIDO,NO MEDIDO,Search Console: consultas/impressions/clics por idioma y URL; leads útiles por origen; sin ranking prometido
SEO03-PT-BR,A04,PT-BR,praia de Geribá,visitar playa,/pt/destinos/buzios/playas/geriba/,V1,entidad playa; alojamiento es otra tarea,"SERP y contenidos reales; interpretación cualitativa, no demanda cuantificada",S27;S03,NO MEDIDO,NO MEDIDO,NO MEDIDO,Search Console: consultas/impressions/clics por idioma y URL; leads útiles por origen; sin ranking prometido
SEO03-EN,A04,EN,Geriba Beach,visitar playa,/en/destinos/buzios/playas/geriba/,V1,entidad playa; alojamiento es otra tarea,"SERP y contenidos reales; interpretación cualitativa, no demanda cuantificada",S27;S03,NO MEDIDO,NO MEDIDO,NO MEDIDO,Search Console: consultas/impressions/clics por idioma y URL; leads útiles por origen; sin ranking prometido
SEO04-ES,A05,ES,João Fernandes cómo llegar,visitar calas,/destinos/buzios/playas/joao-fernandes/,V1,agrupar Fernandinho; pendientes reales,"SERP y contenidos reales; interpretación cualitativa, no demanda cuantificada",S25;S23,NO MEDIDO,NO MEDIDO,NO MEDIDO,Search Console: consultas/impressions/clics por idioma y URL; leads útiles por origen; sin ranking prometido
SEO04-PT-BR,A05,PT-BR,João Fernandes como chegar,visitar calas,/pt/destinos/buzios/playas/joao-fernandes/,V1,agrupar Fernandinho; pendientes reales,"SERP y contenidos reales; interpretación cualitativa, no demanda cuantificada",S25;S23,NO MEDIDO,NO MEDIDO,NO MEDIDO,Search Console: consultas/impressions/clics por idioma y URL; leads útiles por origen; sin ranking prometido
SEO04-EN,A05,EN,Joao Fernandes Beach access,visitar calas,/en/destinos/buzios/playas/joao-fernandes/,V1,agrupar Fernandinho; pendientes reales,"SERP y contenidos reales; interpretación cualitativa, no demanda cuantificada",S25;S23,NO MEDIDO,NO MEDIDO,NO MEDIDO,Search Console: consultas/impressions/clics por idioma y URL; leads útiles por origen; sin ranking prometido
SEO05-ES,A06,ES,playa Ferradura con niños,visitar playa en familia,/destinos/buzios/playas/ferradura/,V1,sin garantía de seguridad,"SERP y contenidos reales; interpretación cualitativa, no demanda cuantificada",S03;S39,NO MEDIDO,NO MEDIDO,NO MEDIDO,Search Console: consultas/impressions/clics por idioma y URL; leads útiles por origen; sin ranking prometido
SEO05-PT-BR,A06,PT-BR,praia da Ferradura com crianças,visitar playa en familia,/pt/destinos/buzios/playas/ferradura/,V1,sin garantía de seguridad,"SERP y contenidos reales; interpretación cualitativa, no demanda cuantificada",S03;S39,NO MEDIDO,NO MEDIDO,NO MEDIDO,Search Console: consultas/impressions/clics por idioma y URL; leads útiles por origen; sin ranking prometido
SEO05-EN,A06,EN,Ferradura Beach with children,visitar playa en familia,/en/destinos/buzios/playas/ferradura/,V1,sin garantía de seguridad,"SERP y contenidos reales; interpretación cualitativa, no demanda cuantificada",S03;S39,NO MEDIDO,NO MEDIDO,NO MEDIDO,Search Console: consultas/impressions/clics por idioma y URL; leads útiles por origen; sin ranking prometido
SEO06-ES,A07,ES,Azeda y Azedinha acceso,acceso y visita,/destinos/buzios/playas/azeda/,V1,escaleras/barco del día,"SERP y contenidos reales; interpretación cualitativa, no demanda cuantificada",S03;S06,NO MEDIDO,NO MEDIDO,NO MEDIDO,Search Console: consultas/impressions/clics por idioma y URL; leads útiles por origen; sin ranking prometido
SEO06-PT-BR,A07,PT-BR,Azeda e Azedinha acesso,acceso y visita,/pt/destinos/buzios/playas/azeda/,V1,escaleras/barco del día,"SERP y contenidos reales; interpretación cualitativa, no demanda cuantificada",S03;S06,NO MEDIDO,NO MEDIDO,NO MEDIDO,Search Console: consultas/impressions/clics por idioma y URL; leads útiles por origen; sin ranking prometido
SEO06-EN,A07,EN,Azeda and Azedinha access,acceso y visita,/en/destinos/buzios/playas/azeda/,V1,escaleras/barco del día,"SERP y contenidos reales; interpretación cualitativa, no demanda cuantificada",S03;S06,NO MEDIDO,NO MEDIDO,NO MEDIDO,Search Console: consultas/impressions/clics por idioma y URL; leads útiles por origen; sin ranking prometido
SEO07-ES,A08,ES,dónde alojarse en Búzios,elegir zona/tipo,/destinos/buzios/alojamiento/,V1,decisión de zona antes del catálogo,"SERP y contenidos reales; interpretación cualitativa, no demanda cuantificada",S50;S51;S65,NO MEDIDO,NO MEDIDO,NO MEDIDO,Search Console: consultas/impressions/clics por idioma y URL; leads útiles por origen; sin ranking prometido
SEO07-PT-BR,A08,PT-BR,onde ficar em Búzios,elegir zona/tipo,/pt/destinos/buzios/alojamiento/,V1,decisión de zona antes del catálogo,"SERP y contenidos reales; interpretación cualitativa, no demanda cuantificada",S50;S51;S65,NO MEDIDO,NO MEDIDO,NO MEDIDO,Search Console: consultas/impressions/clics por idioma y URL; leads útiles por origen; sin ranking prometido
SEO07-EN,A08,EN,where to stay in Buzios,elegir zona/tipo,/en/destinos/buzios/alojamiento/,V1,decisión de zona antes del catálogo,"SERP y contenidos reales; interpretación cualitativa, no demanda cuantificada",S50;S51;S65,NO MEDIDO,NO MEDIDO,NO MEDIDO,Search Console: consultas/impressions/clics por idioma y URL; leads útiles por origen; sin ranking prometido
SEO08-ES,A09,ES,cómo llegar a Búzios desde Río GIG SDU,resolver llegada,/destinos/buzios/como-llegar/,V1,origen/fecha/tramo final; no tiempo garantizado,"SERP y contenidos reales; interpretación cualitativa, no demanda cuantificada",S09;S10;S35,NO MEDIDO,NO MEDIDO,NO MEDIDO,Search Console: consultas/impressions/clics por idioma y URL; leads útiles por origen; sin ranking prometido
SEO08-PT-BR,A09,PT-BR,como chegar a Búzios Rio Galeão Santos Dumont,resolver llegada,/pt/destinos/buzios/como-llegar/,V1,origen/fecha/tramo final; no tiempo garantizado,"SERP y contenidos reales; interpretación cualitativa, no demanda cuantificada",S09;S10;S35,NO MEDIDO,NO MEDIDO,NO MEDIDO,Search Console: consultas/impressions/clics por idioma y URL; leads útiles por origen; sin ranking prometido
SEO08-EN,A09,EN,how to get to Buzios from Rio airports,resolver llegada,/en/destinos/buzios/como-llegar/,V1,origen/fecha/tramo final; no tiempo garantizado,"SERP y contenidos reales; interpretación cualitativa, no demanda cuantificada",S09;S10;S35,NO MEDIDO,NO MEDIDO,NO MEDIDO,Search Console: consultas/impressions/clics por idioma y URL; leads útiles por origen; sin ranking prometido
SEO09-ES,A10,ES,cómo moverse en Búzios vans taxi barco,movilidad local,/destinos/buzios/moverse/,V1,operativa local; no tarifa histórica actual,"SERP y contenidos reales; interpretación cualitativa, no demanda cuantificada",S08;S03;S70,NO MEDIDO,NO MEDIDO,NO MEDIDO,Search Console: consultas/impressions/clics por idioma y URL; leads útiles por origen; sin ranking prometido
SEO09-PT-BR,A10,PT-BR,como se locomover em Búzios vans táxi barco,movilidad local,/pt/destinos/buzios/moverse/,V1,operativa local; no tarifa histórica actual,"SERP y contenidos reales; interpretación cualitativa, no demanda cuantificada",S08;S03;S70,NO MEDIDO,NO MEDIDO,NO MEDIDO,Search Console: consultas/impressions/clics por idioma y URL; leads útiles por origen; sin ranking prometido
SEO09-EN,A10,EN,getting around Buzios vans water taxi,movilidad local,/en/destinos/buzios/moverse/,V1,operativa local; no tarifa histórica actual,"SERP y contenidos reales; interpretación cualitativa, no demanda cuantificada",S08;S03;S70,NO MEDIDO,NO MEDIDO,NO MEDIDO,Search Console: consultas/impressions/clics por idioma y URL; leads útiles por origen; sin ranking prometido
SEO10-ES,A11,ES,qué hacer en Búzios durante la estancia,comparar actividades locales,/destinos/buzios/que-hacer/,V1,salida local; no daytrip desde Río,"SERP y contenidos reales; interpretación cualitativa, no demanda cuantificada",S21;S49,NO MEDIDO,NO MEDIDO,NO MEDIDO,Search Console: consultas/impressions/clics por idioma y URL; leads útiles por origen; sin ranking prometido
SEO10-PT-BR,A11,PT-BR,o que fazer em Búzios hospedado na cidade,comparar actividades locales,/pt/destinos/buzios/que-hacer/,V1,salida local; no daytrip desde Río,"SERP y contenidos reales; interpretación cualitativa, no demanda cuantificada",S21;S49,NO MEDIDO,NO MEDIDO,NO MEDIDO,Search Console: consultas/impressions/clics por idioma y URL; leads útiles por origen; sin ranking prometido
SEO10-EN,A11,EN,things to do while staying in Buzios,comparar actividades locales,/en/destinos/buzios/que-hacer/,V1,salida local; no daytrip desde Río,"SERP y contenidos reales; interpretación cualitativa, no demanda cuantificada",S21;S49,NO MEDIDO,NO MEDIDO,NO MEDIDO,Search Console: consultas/impressions/clics por idioma y URL; leads útiles por origen; sin ranking prometido
SEO11-ES,A12,ES,dónde comer y salir en Búzios,elegir zona/perfil,/destinos/buzios/comer-y-salir/,V1,zona/perfil/regreso; no lista indiscriminada,"SERP y contenidos reales; interpretación cualitativa, no demanda cuantificada",S36;S37;S38,NO MEDIDO,NO MEDIDO,NO MEDIDO,Search Console: consultas/impressions/clics por idioma y URL; leads útiles por origen; sin ranking prometido
SEO11-PT-BR,A12,PT-BR,onde comer e sair em Búzios,elegir zona/perfil,/pt/destinos/buzios/comer-y-salir/,V1,zona/perfil/regreso; no lista indiscriminada,"SERP y contenidos reales; interpretación cualitativa, no demanda cuantificada",S36;S37;S38,NO MEDIDO,NO MEDIDO,NO MEDIDO,Search Console: consultas/impressions/clics por idioma y URL; leads útiles por origen; sin ranking prometido
SEO11-EN,A12,EN,where to eat and go out in Buzios,elegir zona/perfil,/en/destinos/buzios/comer-y-salir/,V1,zona/perfil/regreso; no lista indiscriminada,"SERP y contenidos reales; interpretación cualitativa, no demanda cuantificada",S36;S37;S38,NO MEDIDO,NO MEDIDO,NO MEDIDO,Search Console: consultas/impressions/clics por idioma y URL; leads útiles por origen; sin ranking prometido
SEO12-ES,A13,ES,Búzios escala de crucero,visita con tiempo limitado,/destinos/buzios/cruceros/,V1,tender y retorno; no live calendar,"SERP y contenidos reales; interpretación cualitativa, no demanda cuantificada",S11;S12,NO MEDIDO,NO MEDIDO,NO MEDIDO,Search Console: consultas/impressions/clics por idioma y URL; leads útiles por origen; sin ranking prometido
SEO12-PT-BR,A13,PT-BR,Búzios escala de cruzeiro,visita con tiempo limitado,/pt/destinos/buzios/cruceros/,V1,tender y retorno; no live calendar,"SERP y contenidos reales; interpretación cualitativa, no demanda cuantificada",S11;S12,NO MEDIDO,NO MEDIDO,NO MEDIDO,Search Console: consultas/impressions/clics por idioma y URL; leads útiles por origen; sin ranking prometido
SEO12-EN,A13,EN,Buzios cruise port shore visit,visita con tiempo limitado,/en/destinos/buzios/cruceros/,V1,tender y retorno; no live calendar,"SERP y contenidos reales; interpretación cualitativa, no demanda cuantificada",S11;S12,NO MEDIDO,NO MEDIDO,NO MEDIDO,Search Console: consultas/impressions/clics por idioma y URL; leads útiles por origen; sin ranking prometido
SEO13-ES,A14,ES,Búzios consejos pagos familia,resolver dudas prácticas,/destinos/buzios/consejos/,V1,asistencia ES y fuentes fechadas,"SERP y contenidos reales; interpretación cualitativa, no demanda cuantificada",S45;S54;S56,NO MEDIDO,NO MEDIDO,NO MEDIDO,Search Console: consultas/impressions/clics por idioma y URL; leads útiles por origen; sin ranking prometido
SEO13-PT-BR,A14,PT-BR,Búzios dicas pagamentos família,resolver dudas prácticas,/pt/destinos/buzios/consejos/,V1,asistencia ES y fuentes fechadas,"SERP y contenidos reales; interpretación cualitativa, no demanda cuantificada",S45;S54;S56,NO MEDIDO,NO MEDIDO,NO MEDIDO,Search Console: consultas/impressions/clics por idioma y URL; leads útiles por origen; sin ranking prometido
SEO13-EN,A14,EN,Buzios practical tips payments family,resolver dudas prácticas,/en/destinos/buzios/consejos/,V1,asistencia ES y fuentes fechadas,"SERP y contenidos reales; interpretación cualitativa, no demanda cuantificada",S45;S54;S56,NO MEDIDO,NO MEDIDO,NO MEDIDO,Search Console: consultas/impressions/clics por idioma y URL; leads útiles por origen; sin ranking prometido
SEO14-ES,A15,ES,apartamentos en Búzios alquiler temporal,consultar inventario real,/destinos/buzios/alojamiento/apartamentos/,V1,inventario real; no catálogo inventado,"SERP y contenidos reales; interpretación cualitativa, no demanda cuantificada",S65;S66,NO MEDIDO,NO MEDIDO,NO MEDIDO,Search Console: consultas/impressions/clics por idioma y URL; leads útiles por origen; sin ranking prometido
SEO14-PT-BR,A15,PT-BR,apartamentos em Búzios temporada,consultar inventario real,/pt/destinos/buzios/alojamiento/apartamentos/,V1,inventario real; no catálogo inventado,"SERP y contenidos reales; interpretación cualitativa, no demanda cuantificada",S65;S66,NO MEDIDO,NO MEDIDO,NO MEDIDO,Search Console: consultas/impressions/clics por idioma y URL; leads útiles por origen; sin ranking prometido
SEO14-EN,A15,EN,Buzios holiday apartments,consultar inventario real,/en/destinos/buzios/alojamiento/apartamentos/,V1,inventario real; no catálogo inventado,"SERP y contenidos reales; interpretación cualitativa, no demanda cuantificada",S65;S66,NO MEDIDO,NO MEDIDO,NO MEDIDO,Search Console: consultas/impressions/clics por idioma y URL; leads útiles por origen; sin ranking prometido
SEO15-ES,A16,ES,alquiler de buggy Búzios,alquilar para conducir,/destinos/buzios/experiencias/alquiler-buggy/,V1,autoconducción; no paseo con conductor,"SERP y contenidos reales; interpretación cualitativa, no demanda cuantificada",S18,NO MEDIDO,NO MEDIDO,NO MEDIDO,Search Console: consultas/impressions/clics por idioma y URL; leads útiles por origen; sin ranking prometido
SEO15-PT-BR,A16,PT-BR,aluguel de buggy em Búzios,alquilar para conducir,/pt/destinos/buzios/experiencias/alquiler-buggy/,V1,autoconducción; no paseo con conductor,"SERP y contenidos reales; interpretación cualitativa, no demanda cuantificada",S18,NO MEDIDO,NO MEDIDO,NO MEDIDO,Search Console: consultas/impressions/clics por idioma y URL; leads útiles por origen; sin ranking prometido
SEO15-EN,A16,EN,Buzios buggy rental,alquilar para conducir,/en/destinos/buzios/experiencias/alquiler-buggy/,V1,autoconducción; no paseo con conductor,"SERP y contenidos reales; interpretación cualitativa, no demanda cuantificada",S18,NO MEDIDO,NO MEDIDO,NO MEDIDO,Search Console: consultas/impressions/clics por idioma y URL; leads útiles por origen; sin ranking prometido
SEO16-ES,A17,ES,paseo de barco desde Búzios,contratar navegación local,/destinos/buzios/experiencias/paseo-barco/,V1,modalidad confirmada; salida Búzios,"SERP y contenidos reales; interpretación cualitativa, no demanda cuantificada",S21;S31,NO MEDIDO,NO MEDIDO,NO MEDIDO,Search Console: consultas/impressions/clics por idioma y URL; leads útiles por origen; sin ranking prometido
SEO16-PT-BR,A17,PT-BR,passeio de barco saindo de Búzios,contratar navegación local,/pt/destinos/buzios/experiencias/paseo-barco/,V1,modalidad confirmada; salida Búzios,"SERP y contenidos reales; interpretación cualitativa, no demanda cuantificada",S21;S31,NO MEDIDO,NO MEDIDO,NO MEDIDO,Search Console: consultas/impressions/clics por idioma y URL; leads útiles por origen; sin ranking prometido
SEO16-EN,A17,EN,boat tour departing from Buzios,contratar navegación local,/en/destinos/buzios/experiencias/paseo-barco/,V1,modalidad confirmada; salida Búzios,"SERP y contenidos reales; interpretación cualitativa, no demanda cuantificada",S21;S31,NO MEDIDO,NO MEDIDO,NO MEDIDO,Search Console: consultas/impressions/clics por idioma y URL; leads útiles por origen; sin ranking prometido
SEO17-ES,A18,ES,Arraial do Cabo desde Búzios excursión,excursión desde alojamiento Búzios,/destinos/buzios/experiencias/arraial-do-cabo/,V1,no landing salida Río,"SERP y contenidos reales; interpretación cualitativa, no demanda cuantificada",S21;S33,NO MEDIDO,NO MEDIDO,NO MEDIDO,Search Console: consultas/impressions/clics por idioma y URL; leads útiles por origen; sin ranking prometido
SEO17-PT-BR,A18,PT-BR,Arraial do Cabo saindo de Búzios,excursión desde alojamiento Búzios,/pt/destinos/buzios/experiencias/arraial-do-cabo/,V1,no landing salida Río,"SERP y contenidos reales; interpretación cualitativa, no demanda cuantificada",S21;S33,NO MEDIDO,NO MEDIDO,NO MEDIDO,Search Console: consultas/impressions/clics por idioma y URL; leads útiles por origen; sin ranking prometido
SEO17-EN,A18,EN,Arraial do Cabo tour from Buzios,excursión desde alojamiento Búzios,/en/destinos/buzios/experiencias/arraial-do-cabo/,V1,no landing salida Río,"SERP y contenidos reales; interpretación cualitativa, no demanda cuantificada",S21;S33,NO MEDIDO,NO MEDIDO,NO MEDIDO,Search Console: consultas/impressions/clics por idioma y URL; leads útiles por origen; sin ranking prometido
SEO18-ES,A19,ES,Cabo Frio desde Búzios excursión,excursión regional,/destinos/buzios/experiencias/cabo-frio/,V1,separar combo y producto individual,"SERP y contenidos reales; interpretación cualitativa, no demanda cuantificada",S21,NO MEDIDO,NO MEDIDO,NO MEDIDO,Search Console: consultas/impressions/clics por idioma y URL; leads útiles por origen; sin ranking prometido
SEO18-PT-BR,A19,PT-BR,Cabo Frio saindo de Búzios,excursión regional,/pt/destinos/buzios/experiencias/cabo-frio/,V1,separar combo y producto individual,"SERP y contenidos reales; interpretación cualitativa, no demanda cuantificada",S21,NO MEDIDO,NO MEDIDO,NO MEDIDO,Search Console: consultas/impressions/clics por idioma y URL; leads útiles por origen; sin ranking prometido
SEO18-EN,A19,EN,Cabo Frio trip from Buzios,excursión regional,/en/destinos/buzios/experiencias/cabo-frio/,V1,separar combo y producto individual,"SERP y contenidos reales; interpretación cualitativa, no demanda cuantificada",S21,NO MEDIDO,NO MEDIDO,NO MEDIDO,Search Console: consultas/impressions/clics por idioma y URL; leads útiles por origen; sin ranking prometido
SEO19-ES,A28,ES,paseo buggy con conductor Búzios,contratar recorrido guiado,/destinos/buzios/experiencias/paseo-buggy/,V2,diferencia alquiler/paseo,"SERP y contenidos reales; interpretación cualitativa, no demanda cuantificada",S19;S49,NO MEDIDO,NO MEDIDO,NO MEDIDO,Search Console: consultas/impressions/clics por idioma y URL; leads útiles por origen; sin ranking prometido
SEO19-PT-BR,A28,PT-BR,passeio de buggy com motorista Búzios,contratar recorrido guiado,/pt/destinos/buzios/experiencias/paseo-buggy/,V2,diferencia alquiler/paseo,"SERP y contenidos reales; interpretación cualitativa, no demanda cuantificada",S19;S49,NO MEDIDO,NO MEDIDO,NO MEDIDO,Search Console: consultas/impressions/clics por idioma y URL; leads útiles por origen; sin ranking prometido
SEO19-EN,A28,EN,guided buggy tour Buzios,contratar recorrido guiado,/en/destinos/buzios/experiencias/paseo-buggy/,V2,diferencia alquiler/paseo,"SERP y contenidos reales; interpretación cualitativa, no demanda cuantificada",S19;S49,NO MEDIDO,NO MEDIDO,NO MEDIDO,Search Console: consultas/impressions/clics por idioma y URL; leads útiles por origen; sin ranking prometido
SEO20-ES,A29,ES,lancha privada Búzios,charter de grupo,/destinos/buzios/experiencias/lancha-privada/,V2,inventario barco real; no Río,"SERP y contenidos reales; interpretación cualitativa, no demanda cuantificada",S30;S32,NO MEDIDO,NO MEDIDO,NO MEDIDO,Search Console: consultas/impressions/clics por idioma y URL; leads útiles por origen; sin ranking prometido
SEO20-PT-BR,A29,PT-BR,lancha privativa Búzios,charter de grupo,/pt/destinos/buzios/experiencias/lancha-privada/,V2,inventario barco real; no Río,"SERP y contenidos reales; interpretación cualitativa, no demanda cuantificada",S30;S32,NO MEDIDO,NO MEDIDO,NO MEDIDO,Search Console: consultas/impressions/clics por idioma y URL; leads útiles por origen; sin ranking prometido
SEO20-EN,A29,EN,private boat charter Buzios,charter de grupo,/en/destinos/buzios/experiencias/lancha-privada/,V2,inventario barco real; no Río,"SERP y contenidos reales; interpretación cualitativa, no demanda cuantificada",S30;S32,NO MEDIDO,NO MEDIDO,NO MEDIDO,Search Console: consultas/impressions/clics por idioma y URL; leads útiles por origen; sin ranking prometido
SEO21-ES,A30,ES,buceo Búzios principiantes certificado,iniciación vs certificado,/destinos/buzios/experiencias/buceo/,V2,no mezclar snorkel/buceo,"SERP y contenidos reales; interpretación cualitativa, no demanda cuantificada",S22;S23,NO MEDIDO,NO MEDIDO,NO MEDIDO,Search Console: consultas/impressions/clics por idioma y URL; leads útiles por origen; sin ranking prometido
SEO21-PT-BR,A30,PT-BR,mergulho Búzios batismo credenciado,iniciación vs certificado,/pt/destinos/buzios/experiencias/buceo/,V2,no mezclar snorkel/buceo,"SERP y contenidos reales; interpretación cualitativa, no demanda cuantificada",S22;S23,NO MEDIDO,NO MEDIDO,NO MEDIDO,Search Console: consultas/impressions/clics por idioma y URL; leads útiles por origen; sin ranking prometido
SEO21-EN,A30,EN,Buzios scuba diving beginner certified,iniciación vs certificado,/en/destinos/buzios/experiencias/buceo/,V2,no mezclar snorkel/buceo,"SERP y contenidos reales; interpretación cualitativa, no demanda cuantificada",S22;S23,NO MEDIDO,NO MEDIDO,NO MEDIDO,Search Console: consultas/impressions/clics por idioma y URL; leads útiles por origen; sin ranking prometido
SEO22-ES,A31,ES,snorkel Búzios,actividad superficie,/destinos/buzios/experiencias/snorkel/,V2,guía/superficie/mar día,"SERP y contenidos reales; interpretación cualitativa, no demanda cuantificada",S25;S26,NO MEDIDO,NO MEDIDO,NO MEDIDO,Search Console: consultas/impressions/clics por idioma y URL; leads útiles por origen; sin ranking prometido
SEO22-PT-BR,A31,PT-BR,snorkel em Búzios,actividad superficie,/pt/destinos/buzios/experiencias/snorkel/,V2,guía/superficie/mar día,"SERP y contenidos reales; interpretación cualitativa, no demanda cuantificada",S25;S26,NO MEDIDO,NO MEDIDO,NO MEDIDO,Search Console: consultas/impressions/clics por idioma y URL; leads útiles por origen; sin ranking prometido
SEO22-EN,A31,EN,Buzios guided snorkeling,actividad superficie,/en/destinos/buzios/experiencias/snorkel/,V2,guía/superficie/mar día,"SERP y contenidos reales; interpretación cualitativa, no demanda cuantificada",S25;S26,NO MEDIDO,NO MEDIDO,NO MEDIDO,Search Console: consultas/impressions/clics por idioma y URL; leads útiles por origen; sin ranking prometido
SEO23-ES,A32,ES,clase surf Geribá Búzios,aprendizaje guiado,/destinos/buzios/experiencias/surf/,V2,producto con escuela; playa editorial,"SERP y contenidos reales; interpretación cualitativa, no demanda cuantificada",S27,NO MEDIDO,NO MEDIDO,NO MEDIDO,Search Console: consultas/impressions/clics por idioma y URL; leads útiles por origen; sin ranking prometido
SEO23-PT-BR,A32,PT-BR,aula de surf Geribá Búzios,aprendizaje guiado,/pt/destinos/buzios/experiencias/surf/,V2,producto con escuela; playa editorial,"SERP y contenidos reales; interpretación cualitativa, no demanda cuantificada",S27,NO MEDIDO,NO MEDIDO,NO MEDIDO,Search Console: consultas/impressions/clics por idioma y URL; leads útiles por origen; sin ranking prometido
SEO23-EN,A32,EN,Geriba surf lesson Buzios,aprendizaje guiado,/en/destinos/buzios/experiencias/surf/,V2,producto con escuela; playa editorial,"SERP y contenidos reales; interpretación cualitativa, no demanda cuantificada",S27,NO MEDIDO,NO MEDIDO,NO MEDIDO,Search Console: consultas/impressions/clics por idioma y URL; leads útiles por origen; sin ranking prometido
SEO24-ES,A36,ES,Búzios accesibilidad,planificar barreras,/destinos/buzios/accesibilidad/,V2,solo evidencia medida; evitar garantía total,"SERP y contenidos reales; interpretación cualitativa, no demanda cuantificada",S23;S69,NO MEDIDO,NO MEDIDO,NO MEDIDO,Search Console: consultas/impressions/clics por idioma y URL; leads útiles por origen; sin ranking prometido
SEO24-PT-BR,A36,PT-BR,Búzios acessibilidade,planificar barreras,/pt/destinos/buzios/accesibilidad/,V2,solo evidencia medida; evitar garantía total,"SERP y contenidos reales; interpretación cualitativa, no demanda cuantificada",S23;S69,NO MEDIDO,NO MEDIDO,NO MEDIDO,Search Console: consultas/impressions/clics por idioma y URL; leads útiles por origen; sin ranking prometido
SEO24-EN,A36,EN,Buzios accessibility,planificar barreras,/en/destinos/buzios/accesibilidad/,V2,solo evidencia medida; evitar garantía total,"SERP y contenidos reales; interpretación cualitativa, no demanda cuantificada",S23;S69,NO MEDIDO,NO MEDIDO,NO MEDIDO,Search Console: consultas/impressions/clics por idioma y URL; leads útiles por origen; sin ranking prometido
SEO25-ES,A42,ES,Búzios bodas,lead evento,/destinos/buzios/bodas/,FUTURO,lead especializado futuro,"SERP y contenidos reales; interpretación cualitativa, no demanda cuantificada",S40;S38,NO MEDIDO,NO MEDIDO,NO MEDIDO,Search Console: consultas/impressions/clics por idioma y URL; leads útiles por origen; sin ranking prometido
SEO25-PT-BR,A42,PT-BR,casamento em Búzios,lead evento,/pt/destinos/buzios/bodas/,FUTURO,lead especializado futuro,"SERP y contenidos reales; interpretación cualitativa, no demanda cuantificada",S40;S38,NO MEDIDO,NO MEDIDO,NO MEDIDO,Search Console: consultas/impressions/clics por idioma y URL; leads útiles por origen; sin ranking prometido
SEO25-EN,A42,EN,Buzios destination wedding,lead evento,/en/destinos/buzios/bodas/,FUTURO,lead especializado futuro,"SERP y contenidos reales; interpretación cualitativa, no demanda cuantificada",S40;S38,NO MEDIDO,NO MEDIDO,NO MEDIDO,Search Console: consultas/impressions/clics por idioma y URL; leads útiles por origen; sin ranking prometido
