id,zona,perfil,compensacion,decision_alojamiento,decision_url,estado,fuentes
Z01,Centro/Rua das Pedras/Canto,Sin auto; cenas; grupos; viajero solo,Distancia real a playa elegida; ruido nocturno y pavimento,Comparar pousada/apartamento por calle y habitación,sección V1 alojamiento,OBSERVACIÓN DE MERCADO; verificación de cada dirección,S02;S46
Z02,Orla Bardot/Armação,Caminar; gastronomía; crucerista,Embarque no implica playa de baño; ruido/eventos,Pousadas y apartamentos: verificar acceso/horarios,sección V1,OBSERVACIÓN DE MERCADO; verificación de cada dirección,S11;S46
Z03,Humaitá,Parejas; vistas; boutique,Pendiente y escaleras vs cercanía en mapa,Validar ruta con maletas y movilidad reducida,sección V1,OBSERVACIÓN DE MERCADO; verificación de cada dirección,S51
Z04,Ossos,Historia; acceso a Azeda; boutique,Escaleras a Azeda; no equivaler a accesibilidad,Hotel/pousada y tramo peatonal exacto,sección V1,OBSERVACIÓN DE MERCADO; verificación de cada dirección,S40;S03
Z05,João Fernandes/João Fernandinho,Primera visita; snorkel; parejas,Altura del inmueble; regreso al centro,Playa cercana no garantiza acceso plano,V2 zona si consultas lo justifican,OBSERVACIÓN DE MERCADO; verificación de cada dirección,S25;S50
Z06,Geribá,Surf; grupos; casas; familias según tramo,Extremo de playa; tránsito al centro; mar abierto,Cocina/plazas de auto/dormitorios reales,V2 zona; playa V1 distinta intención,OBSERVACIÓN DE MERCADO; verificación de cada dirección,S27;S66
Z07,Ferradura,Parejas; familias; wellness,Casa/hotel en ladera; dependencia de transporte,"Distancia a pie, desayuno y accesos confirmados",V2 zona; playa V1 distinta intención,OBSERVACIÓN DE MERCADO; verificación de cada dirección,S39;S03
Z08,Manguinhos/Porto da Barra,Cena; puesta de sol; deportes; larga estadía,Cruces de avenida; dirección exacta vs nombre de zona,Servicios/cocina y traslado a playas,sección V1,OBSERVACIÓN DE MERCADO; verificación de cada dirección,S36;S65
Z09,Brava,Premium; beach club; parejas,Pendientes; mar; traslado noche,No incluir day use del club automáticamente,V2 por producto,OBSERVACIÓN DE MERCADO; verificación de cada dirección,S38;S37
Z10,Rasa/Marina/Baía Formosa,Kite; casas; estancias largas,Mayor dependencia de movilidad y tramo exacto,Internet verificado; cocina; mercado; auto,V2 agrupar; no alias idénticos sin mapa,OBSERVACIÓN DE MERCADO; verificación de cada dirección,S60;S28
Z11,Tucuns/Cem Braças,Naturaleza; casas; resort,Distancia y horario de retorno; mar abierto,No vender ubicación céntrica,FUTURO por inventario,OBSERVACIÓN DE MERCADO; verificación de cada dirección,S61;S65
Z12,José Gonçalves/Caravelas,Naturaleza; retiro; alojamiento específico,Camino/paso por complejo y transporte,Producto real antes de ficha editorial extensa,FUTURO,OBSERVACIÓN DE MERCADO; verificación de cada dirección,S63;S64
