tema,cluster,estado_actual,url_actual,intencion,valor_turistico,valor_seo,valor_comercial,autoridad_tematica,diferenciacion_ernestinho,prioridad,accion,nueva_url_si_no,slug_propuesto_si_aplica,producto_relacionado,riesgo_canibalizacion,requiere_confirmacion,tipo_top,p2_subgrupo,prioridad_origen,evidencia,temporalidad,idiomas
Parapente: decisión y ciclo de promoción,parapente,EXISTE Y ESTÁ CUBIERTO,/experiencias/vuelo-en-parapente/,"Contratar un vuelo específico en Parque da Cidade, Niterói",ALTA — Parapente: decisión y ciclo de promoción,"BAJA — cobertura actual, no demanda nueva acreditada",ALTA — Parapente,MEDIA — claridad de elección del servicio real,"ALTA — Contratar un vuelo específico en Parque da Cidade, Niterói. El Bloque 4 confirmó R$299 efectivo/PIX durante octubre 2026 y R$399 tarjeta; hub y São Conrado ya enlazan. Perfiles/adolescentes solo sería origen futuro si Ernesto confirma elegibilidad; no se supone edad mínima.",ALTA,Mantener landing propietaria y enlaces ya aprobados; preparar revisión al terminar octubre. No modificar Bloque 4 ni duplicar landings.,no,,Parapente,Bajo si se conserva esta intención y propietaria.,Confirmar mensaje/oferta posterior al 31/10/2026; elegibilidad de menores antes de usar contexto adolescente.,DINERO,,P0,"Contratar un vuelo específico en Parque da Cidade, Niterói. El Bloque 4 confirmó R$299 efectivo/PIX durante octubre 2026 y R$399 tarjeta; hub y São Conrado ya enlazan. Perfiles/adolescentes solo sería origen futuro si Ernesto confirma elegibilidad; no se supone edad mínima.",Mixta: estructura evergreen; datos operativos a confirmar,"ES / PT-BR / EN; rutas equivalentes, demanda no cuantificada"
Itinerarios como elección de tours,itinerarios,EXISTE Y ESTÁ CUBIERTO,/consejos/rio-1-a-7-dias/,Elegir Río según días disponibles,ALTA — Itinerarios como elección de tours,"BAJA — cobertura actual, no demanda nueva acreditada",MEDIA — Full Day; Cristo + City Tour; Búzios; Arraial; Angra/Ilha Grande,ALTA — planificación y contexto local,ALTA — Elegir Río según días disponibles. La página ya distribuye 1–7 días y enlaza las cinco landings; la mejora comercial de ese recorrido ya fue cerrada.,ALTA,Conservar enlaces de Bloque 3 y elección por tiempo/destino; no añadir otra lista comercial ni publicar recorrido Premium.,no,,Full Day; Cristo + City Tour; Búzios; Arraial; Angra/Ilha Grande,Bajo si se conserva esta intención y propietaria.,No para mantener; sí para contenido nuevo no documentado.,MIXTA,,P1,Elegir Río según días disponibles. La página ya distribuye 1–7 días y enlaza las cinco landings; la mejora comercial de ese recorrido ya fue cerrada.,Mixta: estructura evergreen; datos operativos a confirmar,"ES / PT-BR / EN; rutas equivalentes, demanda no cuantificada"
Cruceros: llegada y salida con equipaje,tema:cruceros,EXISTE Y ESTÁ CUBIERTO,/guia/terminales/,Preparar llegada/escala en Pier Mauá,ALTA — Cruceros: llegada y salida con equipaje,"BAJA — cobertura actual, no demanda nueva acreditada",MEDIA — Transfers; Hospedaje,ALTA — planificación y contexto local,"ALTA — Preparar llegada/escala en Pier Mauá. La página tiene muelle variable, margen de regreso, equipaje y recogida cotizable; no publica calendario de barcos ni promete tiempo de escala.",ALTA,Usar la sección Pier Mauá existente; próximo ciclo recoger preguntas reales de pasajeros y confirmar encuentro por barco. No crear landing de cruceros.,no,,Transfers; Hospedaje,Bajo si se conserva esta intención y propietaria.,"Ernesto confirma cobertura, encuentro y margen de operación; no inventar horarios de barco.",MIXTA,,Tema solicitado; no se inventa cluster de investigación,"Preparar llegada/escala en Pier Mauá. La página tiene muelle variable, margen de regreso, equipaje y recogida cotizable; no publica calendario de barcos ni promete tiempo de escala.",Mixta: estructura evergreen; datos operativos a confirmar,"ES / PT-BR / EN; rutas equivalentes, demanda no cuantificada"
Movilidad reducida y accesibilidad verificable,tema:accesibilidad,EXISTE PERO ES MEJORABLE,/guia/accesibilidad/,Planificar cada etapa con movilidad reducida,ALTA — Movilidad reducida y accesibilidad verificable,MEDIA — delimitación/sección útil en propietaria actual,MEDIA — Hospedaje; Transfers; tours compatibles,ALTA — planificación y contexto local,"ALTA — Planificar cada etapa con movilidad reducida. Ya existe una lista de preguntas y se advierte variación entre playa, calle y atracción; falta una verificación operativa fechada que permita confirmar servicios concretos.",ALTA,"Proponer ficha de verificación por necesidad en la guía: entrada, ascensor, baño, descenso y vehículo; completar únicamente con comprobación real. Sin editar ahora.",no,,Hospedaje; Transfers; tours compatibles,Bajo si se conserva esta intención y propietaria.,"Confirmación de accesibilidad real por unidad, vehículo y experiencia; sin garantizar adaptaciones.",MIXTA,,Tema solicitado; no se inventa cluster de investigación,"Planificar cada etapa con movilidad reducida. Ya existe una lista de preguntas y se advierte variación entre playa, calle y atracción; falta una verificación operativa fechada que permita confirmar servicios concretos.",Mixta: estructura evergreen; datos operativos a confirmar,"ES / PT-BR / EN; rutas equivalentes, demanda no cuantificada"
Arquitectura de Río como lectura cultural,tema:arquitectura,NO JUSTIFICA URL PROPIA,/cultura/ | /cultura/mam-rio/ | /cultura/theatro-municipal/,"Comprender edificios, paisajismo y patrimonio",ALTA — Arquitectura de Río como lectura cultural,"BAJA — cobertura actual, no demanda nueva acreditada",BAJA — Sin producto necesario,ALTA — planificación y contexto local,"ALTA — Comprender edificios, paisajismo y patrimonio. MAM ya explica edificio y Burle Marx; Theatro Municipal y otras fichas cubren monumentos. El hub tiene seis categorías culturales: cobertura distribuida, no GAP independiente demostrado.",MEDIA,"Proponer introducción temática breve dentro de Cultura y conexión a fichas de arquitectura existentes, si un próximo ciclo la necesita. No nuevo hub ni slug.",no,,,Bajo si se conserva esta intención y propietaria.,Aporte/observaciones propios de Ernesto antes de escribir una lectura local nueva.,AUTORIDAD,,Tema solicitado; no se inventa cluster de investigación,"Comprender edificios, paisajismo y patrimonio. MAM ya explica edificio y Burle Marx; Theatro Municipal y otras fichas cubren monumentos. El hub tiene seis categorías culturales: cobertura distribuida, no GAP independiente demostrado.",Mixta: estructura evergreen; datos operativos a confirmar,"ES / PT-BR / EN; rutas equivalentes, demanda no cuantificada"
CPF para turistas y FAQs,cpf,EXISTE Y ESTÁ CUBIERTO,/guia/cpf/,Preparar registros y compras en Brasil,ALTA — CPF para turistas y FAQs,"BAJA — cobertura actual, no demanda nueva acreditada",BAJA — Sin producto necesario,ALTA — planificación y contexto local,"ALTA — Preparar registros y compras en Brasil. La ficha ya distingue CPF/Pix, turista/residente, documentos, canales oficiales y conecta dinero, internet y apps. Su utilidad no demuestra demanda por idioma.",ALTA,P2-A: mantener propietaria única; próxima revisión puntual de enlaces oficiales y dudas reales. No nueva FAQ duplicada ni reescribir normas.,no,,,Bajo si se conserva esta intención y propietaria.,Verificar Receita antes de cualquier actualización normativa.,AUTORIDAD,P2-A,P2,"Preparar registros y compras en Brasil. La ficha ya distingue CPF/Pix, turista/residente, documentos, canales oficiales y conecta dinero, internet y apps. Su utilidad no demuestra demanda por idioma.",Mixta: estructura evergreen; datos operativos a confirmar,"ES / PT-BR / EN; rutas equivalentes, demanda no cuantificada"
Errores del turista y de navegación,tema:errores,EXISTE Y ESTÁ CUBIERTO,/consejos/20-consejos/ | /consejos/errores-rio/,Evitar fallos de orientación,ALTA — Errores del turista y de navegación,"BAJA — cobertura actual, no demanda nueva acreditada",BAJA — Sin producto necesario,ALTA — planificación y contexto local,"ALTA — Evitar fallos de orientación. Errores-rio es específicamente Google Maps: entrada correcta, unidad, atajos y rutas; el título actual no representa todos los errores turísticos.",ALTA,"Mantener errores generales separados de Google Maps; usar ejemplos reales anonimizados de Ernesto en siguiente revisión, sin fabricar anécdotas.",no,,,Bajo si se conserva esta intención y propietaria.,No para mantener; sí para contenido nuevo no documentado.,AUTORIDAD,,Tema solicitado; no se inventa cluster de investigación,"Evitar fallos de orientación. Errores-rio es específicamente Google Maps: entrada correcta, unidad, atajos y rutas; el título actual no representa todos los errores turísticos.",Mixta: estructura evergreen; datos operativos a confirmar,"ES / PT-BR / EN; rutas equivalentes, demanda no cuantificada"
Mercadão de Madureira,tema:mercadao,EXISTE Y ESTÁ CUBIERTO,/compras/mercadao-madureira/,Conocer un mercado popular con respeto,ALTA — Mercadão de Madureira,"BAJA — cobertura actual, no demanda nueva acreditada",BAJA — Sin producto necesario,ALTA — planificación y contexto local,"ALTA — Conocer un mercado popular con respeto. La ficha ya desarrolla Madureira, cultura, compras y mirada de anfitrión; no es una página vacía ni GAP.",MEDIA,Conservar ficha de mercado y relación con barrio; no crear página por variante mercadão/mercado ni asumir servicio comercial.,no,,,Bajo si se conserva esta intención y propietaria.,No para mantener; sí para contenido nuevo no documentado.,AUTORIDAD,,Tema solicitado; no se inventa cluster de investigación,"Conocer un mercado popular con respeto. La ficha ya desarrolla Madureira, cultura, compras y mirada de anfitrión; no es una página vacía ni GAP.",Mixta: estructura evergreen; datos operativos a confirmar,"ES / PT-BR / EN; rutas equivalentes, demanda no cuantificada"
Playas: deportes y elección de zona,tema:playas-deportes,EXISTE Y ESTÁ CUBIERTO,/playas/ | /playas/sao-conrado/,Elegir playa según actividad,ALTA — Playas: deportes y elección de zona,"BAJA — cobertura actual, no demanda nueva acreditada",MEDIA — Ala Delta condicionada; Parapente como alternativa en Niterói,ALTA — planificación y contexto local,ALTA — Elegir playa según actividad. El hub menciona surf/deportes y fichas específicas; São Conrado tiene contexto de vuelo y un enlace a Parapente como alternativa en Niterói.,MEDIA,Conservar información por playa; no convertir contexto de aterrizajes de São Conrado en ubicación del producto Parapente.,no,,Ala Delta condicionada; Parapente como alternativa en Niterói,Bajo si se conserva esta intención y propietaria.,No para mantener; sí para contenido nuevo no documentado.,MIXTA,,Tema solicitado; no se inventa cluster de investigación,Elegir playa según actividad. El hub menciona surf/deportes y fichas específicas; São Conrado tiene contexto de vuelo y un enlace a Parapente como alternativa en Niterói.,Mixta: estructura evergreen; datos operativos a confirmar,"ES / PT-BR / EN; rutas equivalentes, demanda no cuantificada"
Playas: estado del mar y consulta oficial,tema:playas-mar,EXISTE PERO ES MEJORABLE,/playas/,Decidir si el baño es adecuado para la fecha,ALTA — Playas: estado del mar y consulta oficial,MEDIA — delimitación/sección útil en propietaria actual,BAJA — Sin producto necesario,ALTA — planificación y contexto local,"ALTA — Decidir si el baño es adecuado para la fecha. El hub describe playas, pero no ofrece un estado del mar o balneabilidad vigente; el texto completo revisado no contiene esa orientación específica. Una sección basta, no otra URL.",ALTA,Proponer una breve orientación evergreen para consultar estado del mar/balneabilidad; implementar solo tras identificar fuente y procedimiento editorial de actualización. No prometer información en vivo.,no,,,Bajo si se conserva esta intención y propietaria.,Fuente oficial y responsable/frecuencia de revisión de enlaces; no afirmar condiciones de baño actuales.,AUTORIDAD,,Tema solicitado; no se inventa cluster de investigación,"Decidir si el baño es adecuado para la fecha. El hub describe playas, pero no ofrece un estado del mar o balneabilidad vigente; el texto completo revisado no contiene esa orientación específica. Una sección basta, no otra URL.",Mixta: estructura evergreen; datos operativos a confirmar,"ES / PT-BR / EN; rutas equivalentes, demanda no cuantificada"
Playas: quiosques de noche,tema:playas-quiosques,NO JUSTIFICA URL PROPIA,/playas/ | /vida-nocturna/,Elegir una salida junto a la orla,ALTA — Playas: quiosques de noche,"BAJA — cobertura actual, no demanda nueva acreditada",BAJA — Sin producto necesario,ALTA — planificación y contexto local,ALTA — Elegir una salida junto a la orla. El hub menciona quioscos y el catálogo nocturno ya contiene locales; horarios/programación necesitan canales oficiales.,MEDIA,Relacionar la playa con fichas nocturnas pertinentes solo en próximo lote seleccionado; mantener casos D intactos. No página de agenda ni nuevo listado comercial.,no,,,Bajo si se conserva esta intención y propietaria.,Confirmar agenda antes de publicar datos operativos; casos D excluidos.,AUTORIDAD,,Tema solicitado; no se inventa cluster de investigación,Elegir una salida junto a la orla. El hub menciona quioscos y el catálogo nocturno ya contiene locales; horarios/programación necesitan canales oficiales.,Mixta: estructura evergreen; datos operativos a confirmar,"ES / PT-BR / EN; rutas equivalentes, demanda no cuantificada"
Playas: artesanía y compras,tema:playas-artesanias,NO JUSTIFICA URL PROPIA,/playas/ | /consejos/souvenirs/,Comprar recuerdos durante un paseo,MEDIA — Playas: artesanía y compras,"BAJA — cobertura actual, no demanda nueva acreditada",BAJA — Sin producto necesario,ALTA — planificación y contexto local,ALTA — Comprar recuerdos durante un paseo. Souvenirs y Compras ya satisfacen la elección de regalos; la playa no necesita competir con esas propietarias.,BAJA,Proponer contexto corto de compra respetuosa donde corresponda; dirigir a Compras sin tocar alias protegido de la feria.,no,,,Bajo si se conserva esta intención y propietaria.,No para mantener; sí para contenido nuevo no documentado.,AUTORIDAD,,Tema solicitado; no se inventa cluster de investigación,Comprar recuerdos durante un paseo. Souvenirs y Compras ya satisfacen la elección de regalos; la playa no necesita competir con esas propietarias.,Mixta: estructura evergreen; datos operativos a confirmar,"ES / PT-BR / EN; rutas equivalentes, demanda no cuantificada"
Playas: vendedores y convivencia,tema:playas-vendedores,EXISTE PERO ES MEJORABLE,/playas/,Comprender la compra y convivencia en la arena,ALTA — Playas: vendedores y convivencia,MEDIA — delimitación/sección útil en propietaria actual,BAJA — Sin producto necesario,ALTA — planificación y contexto local,ALTA — Comprender la compra y convivencia en la arena. En el texto del hub revisado no hay bloque específico sobre vendedores; esta necesidad cabe dentro de la guía de playa.,MEDIA,Reservar una sección de convivencia/compra con observaciones reales del anfitrión; no inventar reglas municipales ni controles de precios. No URL nueva.,no,,,Bajo si se conserva esta intención y propietaria.,Ernesto aporta prácticas y ejemplos reales; validar cualquier norma antes de publicarla.,AUTORIDAD,,Tema solicitado; no se inventa cluster de investigación,Comprender la compra y convivencia en la arena. En el texto del hub revisado no hay bloque específico sobre vendedores; esta necesidad cabe dentro de la guía de playa.,Mixta: estructura evergreen; datos operativos a confirmar,"ES / PT-BR / EN; rutas equivalentes, demanda no cuantificada"
Perfiles y formas de viajar,tema:perfiles,EXISTE Y ESTÁ CUBIERTO,/consejos/perfiles-viajero/,"Elegir un ritmo de viaje para bebés, adolescentes y otros perfiles",ALTA — Perfiles y formas de viajar,"BAJA — cobertura actual, no demanda nueva acreditada",MEDIA — Hospedaje; Transfers; experiencias compatibles,ALTA — planificación y contexto local,"ALTA — Elegir un ritmo de viaje para bebés, adolescentes y otros perfiles. La página ya combina plan, revisión y consejo por perfil; no precisa diez nuevas URLs.",ALTA,Conservar diez perfiles y prioridades; cualquier derivación futura debe responder a una necesidad del perfil y tener elegibilidad confirmada.,no,,Hospedaje; Transfers; experiencias compatibles,Bajo si se conserva esta intención y propietaria.,Confirmar requisitos de actividades/menores antes de contextualizar producto.,MIXTA,,Tema solicitado; no se inventa cluster de investigación,"Elegir un ritmo de viaje para bebés, adolescentes y otros perfiles. La página ya combina plan, revisión y consejo por perfil; no precisa diez nuevas URLs.",Mixta: estructura evergreen; datos operativos a confirmar,"ES / PT-BR / EN; rutas equivalentes, demanda no cuantificada"
Naturaleza: elegir ruta y preparación,tema:naturaleza,EXISTE Y ESTÁ CUBIERTO,/naturaleza/,Elegir sendero o parque,ALTA — Naturaleza: elegir ruta y preparación,"BAJA — cobertura actual, no demanda nueva acreditada",MEDIA — Morro Dois Irmãos y otros productos confirmados,ALTA — planificación y contexto local,"ALTA — Elegir sendero o parque. Hub y fichas cubren dificultad, acceso y condiciones; los doce destinos a cuatro clics documentados no son automáticamente huérfanos.",ALTA,"Mantener hub y fichas; distinguir sendero independiente de producto guiado. Conectar solo al producto correspondiente si se confirma alcance, sin repetir auditoría de profundidad.",no,,Morro Dois Irmãos y otros productos confirmados,Bajo si se conserva esta intención y propietaria.,Confirmar operación de cualquier salida guiada concreta.,MIXTA,,Tema solicitado; no se inventa cluster de investigación,"Elegir sendero o parque. Hub y fichas cubren dificultad, acceso y condiciones; los doce destinos a cuatro clics documentados no son automáticamente huérfanos.",Mixta: estructura evergreen; datos operativos a confirmar,"ES / PT-BR / EN; rutas equivalentes, demanda no cuantificada"
Amanecer / nascer do sol,tema:amanecer,EXISTE Y ESTÁ CUBIERTO,/naturaleza/dois-irmaos-trek/,Preparar un ascenso al amanecer,ALTA — Amanecer / nascer do sol,"BAJA — cobertura actual, no demanda nueva acreditada",MEDIA — Morro Dois Irmãos,ALTA — planificación y contexto local,"ALTA — Preparar un ascenso al amanecer. La ficha menciona modalidades diurna y amanecer, sin necesidad de nuevo propietario; la hora solar y condiciones del día no son permanentes.",MEDIA,Mantener amanecer dentro de la ficha de ruta; no crear una página por hora. Revisar accesos/operación antes de ampliar; sin publicar itinerario autoguiado Premium.,no,,Morro Dois Irmãos,Bajo si se conserva esta intención y propietaria.,Confirmar operación y acceso en horario temprano; no inferir seguridad o disponibilidad.,MIXTA,,Tema solicitado; no se inventa cluster de investigación,"Preparar un ascenso al amanecer. La ficha menciona modalidades diurna y amanecer, sin necesidad de nuevo propietario; la hora solar y condiciones del día no son permanentes.",Mixta: estructura evergreen; datos operativos a confirmar,"ES / PT-BR / EN; rutas equivalentes, demanda no cuantificada"
Horarios y accesos en naturaleza,tema:naturaleza-accesos,EXISTE PERO ES MEJORABLE,/naturaleza/ | /naturaleza/pedra-bonita-trek/,Preparar ingreso y regreso de una salida,ALTA — Horarios y accesos en naturaleza,MEDIA — delimitación/sección útil en propietaria actual,MEDIA — Actividades de naturaleza confirmadas,ALTA — planificación y contexto local,"ALTA — Preparar ingreso y regreso de una salida. Las fichas tienen referencias editoriales de dificultad/duración/acceso; falta garantizar actualización de datos cambiantes, no contenido genérico nuevo.",ALTA,Proponer un protocolo de fecha/fuente para accesos en fichas seleccionadas; mantener advertencias actuales hasta verificar. No cambiar datos operativos por suposición.,no,,Actividades de naturaleza confirmadas,Bajo si se conserva esta intención y propietaria.,"Canales de administraciones, fecha de revisión y responsable de mantener cada ficha.",MIXTA,,Tema solicitado; no se inventa cluster de investigación,"Preparar ingreso y regreso de una salida. Las fichas tienen referencias editoriales de dificultad/duración/acceso; falta garantizar actualización de datos cambiantes, no contenido genérico nuevo.",Mixta: estructura evergreen; datos operativos a confirmar,"ES / PT-BR / EN; rutas equivalentes, demanda no cuantificada"
Uber y estacionamiento para salidas,tema:uber-estacionamiento,NO JUSTIFICA URL PROPIA,/transportes/uber/ | /guia/apps/ | /naturaleza/,Organizar último tramo y regreso,ALTA — Uber y estacionamiento para salidas,"BAJA — cobertura actual, no demanda nueva acreditada",MEDIA — Transfers si resuelven equipaje o regreso,ALTA — planificación y contexto local,"ALTA — Organizar último tramo y regreso. Apps y Uber ya existen; estacionamiento/acceso debe contextualizarse en destino, no prometer cobertura o disponibilidad de autos.",MEDIA,Conservar instrucciones en modo/ficha de destino; recoger observaciones sobre regreso antes de agregar recomendaciones. No nuevo hub ni resolver alquiler/canibalización D.,no,,Transfers si resuelven equipaje o regreso,Bajo si se conserva esta intención y propietaria.,Confirmar puntos de descenso/regreso por destino; no inventar tarifas.,MIXTA,,Tema solicitado; no se inventa cluster de investigación,"Organizar último tramo y regreso. Apps y Uber ya existen; estacionamiento/acceso debe contextualizarse en destino, no prometer cobertura o disponibilidad de autos.",Mixta: estructura evergreen; datos operativos a confirmar,"ES / PT-BR / EN; rutas equivalentes, demanda no cuantificada"
Familia: elegir actividad compatible,familia,EXISTE Y ESTÁ CUBIERTO,/familia/,Elegir actividades con niños/adolescentes,ALTA — Familia: elegir actividad compatible,"BAJA — cobertura actual, no demanda nueva acreditada",MEDIA — Experiencias compatibles; Hospedaje,ALTA — planificación y contexto local,ALTA — Elegir actividades con niños/adolescentes. El hub y sus fichas ya permiten elección; disponibilidad/edad/accesibilidad requieren confirmación concreta.,ALTA,Mantener selector y fichas; futura mejora solo con necesidades reales. Excluir Maracanã familiar D del Bloque 5.,no,,Experiencias compatibles; Hospedaje,Bajo si se conserva esta intención y propietaria.,Requisitos de edad y funcionamiento antes de proponer servicios.,MIXTA,,P1,Elegir actividades con niños/adolescentes. El hub y sus fichas ya permiten elección; disponibilidad/edad/accesibilidad requieren confirmación concreta.,Mixta: estructura evergreen; datos operativos a confirmar,"ES / PT-BR / EN; rutas equivalentes, demanda no cuantificada"
Lluvia: plan alternativo,lluvia,EXISTE Y ESTÁ CUBIERTO,/consejos/lluvia/ | /familia/lluvia/,Adaptar el día cuando llueve,ALTA — Lluvia: plan alternativo,"BAJA — cobertura actual, no demanda nueva acreditada",MEDIA — Experiencias bajo techo si están definidas,ALTA — planificación y contexto local,"ALTA — Adaptar el día cuando llueve. Ya hay dos contextos editoriales; el plan debe depender de funcionamiento confirmado, no de supuesta disponibilidad.",ALTA,Mantener plan general y contexto familiar; no ofrecer pronóstico ni garantía de operación y no añadir tours genéricos.,no,,Experiencias bajo techo si están definidas,Bajo si se conserva esta intención y propietaria.,Confirmar funcionamiento de recintos para fechas concretas.,MIXTA,,P1,"Adaptar el día cuando llueve. Ya hay dos contextos editoriales; el plan debe depender de funcionamiento confirmado, no de supuesta disponibilidad.",Mixta: estructura evergreen; datos operativos a confirmar,"ES / PT-BR / EN; rutas equivalentes, demanda no cuantificada"
Supermercados como experiencia cultural,tema:supermercados,EXISTE Y ESTÁ CUBIERTO,/consejos/supermercados/,Entender productos y compras cotidianas,ALTA — Supermercados como experiencia cultural,"BAJA — cobertura actual, no demanda nueva acreditada",BAJA — Café Ernestinho cuando sea pertinente,ALTA — planificación y contexto local,"ALTA — Entender productos y compras cotidianas. La página ya tiene lectura cultural, consejos, cocina en alojamiento y mini diccionario; no necesita relleno.",MEDIA,"Conservar guía extensa de frutas, bebidas, café, etiquetas y caja. No duplicar por supermercado ni fabricar nuevas fotos/precios.",no,,Café Ernestinho cuando sea pertinente,Bajo si se conserva esta intención y propietaria.,No para mantener; sí para contenido nuevo no documentado.,AUTORIDAD,,Tema solicitado; no se inventa cluster de investigación,"Entender productos y compras cotidianas. La página ya tiene lectura cultural, consejos, cocina en alojamiento y mini diccionario; no necesita relleno.",Mixta: estructura evergreen; datos operativos a confirmar,"ES / PT-BR / EN; rutas equivalentes, demanda no cuantificada"
Souvenirs y regalos,tema:souvenirs,EXISTE Y ESTÁ CUBIERTO,/consejos/souvenirs/,Elegir regalos útiles,ALTA — Souvenirs y regalos,"BAJA — cobertura actual, no demanda nueva acreditada",MEDIA — Café Ernestinho,ALTA — planificación y contexto local,"ALTA — Elegir regalos útiles. La página incluye café, sandalias, fútbol/samba y embalaje; no es un GAP de souvenirs.",MEDIA,Mantener recomendación de regalos transportables y relación existente con café/compras; no afirmar reglas aduaneras nuevas.,no,,Café Ernestinho,Bajo si se conserva esta intención y propietaria.,Validar normas de equipaje/entrada si se amplían; no inventar permisos.,MIXTA,,Tema solicitado; no se inventa cluster de investigación,"Elegir regalos útiles. La página incluye café, sandalias, fútbol/samba y embalaje; no es un GAP de souvenirs.",Mixta: estructura evergreen; datos operativos a confirmar,"ES / PT-BR / EN; rutas equivalentes, demanda no cuantificada"
Cómo funciona un rodízio,tema:rodizio,EXISTE Y ESTÁ CUBIERTO,/consejos/rodizio/,Elegir y entender formato de comida,ALTA — Cómo funciona un rodízio,"BAJA — cobertura actual, no demanda nueva acreditada",BAJA — Sin producto necesario,ALTA — planificación y contexto local,"ALTA — Elegir y entender formato de comida. Ya explica churrasco, pizza, sushi y extras; no necesita una URL por modalidad ni reservas vendidas por Ernestinho.",ALTA,Mantener explicación de modalidades y lo que preguntar; siguiente mejora puede conectar una ficha representativa sin tocar pares D.,no,,,Bajo si se conserva esta intención y propietaria.,No para mantener; sí para contenido nuevo no documentado.,AUTORIDAD,,Tema solicitado; no se inventa cluster de investigación,"Elegir y entender formato de comida. Ya explica churrasco, pizza, sushi y extras; no necesita una URL por modalidad ni reservas vendidas por Ernestinho.",Mixta: estructura evergreen; datos operativos a confirmar,"ES / PT-BR / EN; rutas equivalentes, demanda no cuantificada"
Portugués útil,tema:portugues,EXISTE Y ESTÁ CUBIERTO,/consejos/portugues/,Resolver comunicación básica de viaje,ALTA — Portugués útil,"BAJA — cobertura actual, no demanda nueva acreditada",BAJA — Sin producto necesario,ALTA — planificación y contexto local,"ALTA — Resolver comunicación básica de viaje. La página reúne frases para transporte, comer, comprar, alojarse y pedir ayuda; no hace falta duplicarlas por sinónimo.",MEDIA,Mantener propietaria y 40 frases; diferenciar uso para extranjeros de lectura PT. No suponer demanda igual en los tres idiomas.,no,,,Bajo si se conserva esta intención y propietaria.,No para mantener; sí para contenido nuevo no documentado.,AUTORIDAD,,Tema solicitado; no se inventa cluster de investigación,"Resolver comunicación básica de viaje. La página reúne frases para transporte, comer, comprar, alojarse y pedir ayuda; no hace falta duplicarlas por sinónimo.",Mixta: estructura evergreen; datos operativos a confirmar,"ES / PT-BR / EN; rutas equivalentes, demanda no cuantificada"
Clima y estación del viaje,clima,EXISTE Y ESTÁ CUBIERTO,/guia/mes-a-mes/,Elegir mes y plan flexible,ALTA — Clima y estación del viaje,"BAJA — cobertura actual, no demanda nueva acreditada",MEDIA — Experiencias según condiciones confirmadas,ALTA — planificación y contexto local,"ALTA — Elegir mes y plan flexible. La guía cubre doce meses, lluvia y calor; eso es distinto de información meteorológica del momento.",ALTA,Conservar orientación estacional; no crear pronóstico de 10–14 días sin integración/fuente/responsable.,no,,Experiencias según condiciones confirmadas,Bajo si se conserva esta intención y propietaria.,Proveedor y mantenimiento solo si se autoriza una función de pronóstico; no añadir ahora.,MIXTA,,P1,"Elegir mes y plan flexible. La guía cubre doce meses, lluvia y calor; eso es distinto de información meteorológica del momento.",Mixta: estructura evergreen; datos operativos a confirmar,"ES / PT-BR / EN; rutas equivalentes, demanda no cuantificada"
Seguridad práctica,seguridad,EXISTE Y ESTÁ CUBIERTO,/guia/emergencias/ | /consejos/trampas-turista/,Saber cómo actuar y prevenir incidentes,ALTA — Seguridad práctica,"BAJA — cobertura actual, no demanda nueva acreditada",BAJA — Sin producto necesario,ALTA — planificación y contexto local,ALTA — Saber cómo actuar y prevenir incidentes. Ya existen guía de emergencias y consejos de cobros/trampas; no utilizar urgencias para venta.,ALTA,Conservar pasos de emergencia y prevención sin afiliación ni garantías; actualización oficial solo en próximo ciclo autorizado.,no,,,Bajo si se conserva esta intención y propietaria.,Verificar canales oficiales antes de cualquier modificación de números/procedimientos.,AUTORIDAD,,P1,Saber cómo actuar y prevenir incidentes. Ya existen guía de emergencias y consejos de cobros/trampas; no utilizar urgencias para venta.,Mixta: estructura evergreen; datos operativos a confirmar,"ES / PT-BR / EN; rutas equivalentes, demanda no cuantificada"
Documentación de viaje,documentos,EXISTE Y ESTÁ CUBIERTO,/guia/documentos/ | /guia/menores/,Preparar entrada y viaje con menores,ALTA — Documentación de viaje,"BAJA — cobertura actual, no demanda nueva acreditada",BAJA — Sin producto necesario,ALTA — planificación y contexto local,ALTA — Preparar entrada y viaje con menores. Las páginas existentes son las propietarias; alto valor turístico no implica un GAP actual.,ALTA,"Mantener preparación y enlaces oficiales, con revisión puntual cuando cambien reglas. No inventar requisitos ni segunda guía.",no,,,Bajo si se conserva esta intención y propietaria.,Comprobar normas en fuentes oficiales antes de cualquier cambio legal.,AUTORIDAD,,P1,Preparar entrada y viaje con menores. Las páginas existentes son las propietarias; alto valor turístico no implica un GAP actual.,Mixta: estructura evergreen; datos operativos a confirmar,"ES / PT-BR / EN; rutas equivalentes, demanda no cuantificada"
Carnaval Experience y Carnaval,tema:carnaval,EXISTE Y ESTÁ CUBIERTO,/experiencias/carnaval-experience/ | /eventos/,Elegir experiencia de bastidores frente a evento estacional,ALTA — Carnaval Experience y Carnaval,"BAJA — cobertura actual, no demanda nueva acreditada",ALTA — Carnaval Experience,MEDIA — claridad de elección del servicio real,ALTA — Elegir experiencia de bastidores frente a evento estacional. Bloque 4 documenta socio y oferta publicados; no certifica tarifas/agenda actuales.,MEDIA,Mantener barracón separado de desfile/entrada al Sambódromo; próxima acción comercial condicionada a sistema de socio. No actualizar precios/cupones.,no,,Carnaval Experience,Bajo si se conserva esta intención y propietaria.,"Ernesto/socio confirma agenda, modalidades e idioma; integración original preservada.",DINERO,,Tema solicitado; no se inventa cluster de investigación,Elegir experiencia de bastidores frente a evento estacional. Bloque 4 documenta socio y oferta publicados; no certifica tarifas/agenda actuales.,Mixta: estructura evergreen; datos operativos a confirmar,"ES / PT-BR / EN; rutas equivalentes, demanda no cuantificada"
Gastronomía por zona y elección,tema:gastronomia,EXISTE Y ESTÁ CUBIERTO,/gastronomia/,Elegir un lugar para comer,ALTA — Gastronomía por zona y elección,"BAJA — cobertura actual, no demanda nueva acreditada",BAJA — Sin producto necesario,ALTA — planificación y contexto local,ALTA — Elegir un lugar para comer. El catálogo y estructura editorial existen; valor local no exige otra página por restaurante+barrio.,MEDIA,Mantener fichas por entidad y selección contextual; no revisar 173 fichas ni reescribir todas. Excluir casos D.,no,,,Bajo si se conserva esta intención y propietaria.,No para mantener; sí para contenido nuevo no documentado.,AUTORIDAD,,Tema solicitado; no se inventa cluster de investigación,Elegir un lugar para comer. El catálogo y estructura editorial existen; valor local no exige otra página por restaurante+barrio.,Mixta: estructura evergreen; datos operativos a confirmar,"ES / PT-BR / EN; rutas equivalentes, demanda no cuantificada"
Vida nocturna y samba,tema:vida-nocturna,EXISTE Y ESTÁ CUBIERTO,/vida-nocturna/,Elegir salida musical o nocturna,ALTA — Vida nocturna y samba,"BAJA — cobertura actual, no demanda nueva acreditada",MEDIA — Samba Bus si corresponde,ALTA — planificación y contexto local,ALTA — Elegir salida musical o nocturna. Fichas y hub ya explican formatos; programación puede variar.,MEDIA,Mantener lugares/agenda separados del producto consultable. No calendario en tiempo real ni intervenir entidades D.,no,,Samba Bus si corresponde,Bajo si se conserva esta intención y propietaria.,Agenda oficial antes de publicar fechas o prometer presentaciones.,MIXTA,,Tema solicitado; no se inventa cluster de investigación,Elegir salida musical o nocturna. Fichas y hub ya explican formatos; programación puede variar.,Mixta: estructura evergreen; datos operativos a confirmar,"ES / PT-BR / EN; rutas equivalentes, demanda no cuantificada"
Petrópolis: guía editorial independiente,petropolis,GAP REAL,,Planificar visitar Petrópolis desde Río,ALTA — Petrópolis: guía editorial independiente,ALTA — intención distinta sin propietaria,BAJA — Sin producto necesario,ALTA — planificación y contexto local,"ALTA — Planificar visitar Petrópolis desde Río. Es el único GAP del mapa. El itinerario, alquiler de auto y consejos de qué hacer cada día la mencionan; estos últimos sugieren reservar una excursión, pero no definen landing, precio, operador, logística o disponibilidad de un producto Petrópolis.",ALTA,"SOLO EDITORIAL; propuesta no ejecutada. Autorizar después una guía con decisiones de viaje independiente, sin oferta de excursión atribuida a Ernestinho.","sí, PROPUESTA NO CREADA",/guia/petropolis/,,Bajo con guía única; alto si se añaden landings por sinónimos o una excursión sin oferta.,Autorización de nueva URL; definir alcance editorial. Solo considerar excursión si Ernesto confirma producto completo.,AUTORIDAD,,P1,"Planificar visitar Petrópolis desde Río. Es el único GAP del mapa. El itinerario, alquiler de auto y consejos de qué hacer cada día la mencionan; estos últimos sugieren reservar una excursión, pero no definen landing, precio, operador, logística o disponibilidad de un producto Petrópolis.",Mixta: estructura evergreen; datos operativos a confirmar,"ES / PT-BR / EN; rutas equivalentes, demanda no cuantificada"
Helicóptero: elección de modalidad,helicoptero,EXISTE Y ESTÁ CUBIERTO,/experiencias/helicoptero/,Elegir vuelo y consultar según grupo,ALTA — Helicóptero: elección de modalidad,"BAJA — cobertura actual, no demanda nueva acreditada",ALTA — Helicóptero,MEDIA — claridad de elección del servicio real,ALTA — Elegir vuelo y consultar según grupo. Landing y claridad comercial ya existen; no competir con Parapente/Ala Delta.,ALTA,"Mantener mejoras de Bloque 4; próxima activación solo con confirmación operativa y consultas reales, sin cambios actuales.",no,,Helicóptero,Bajo si se conserva esta intención y propietaria.,"Confirmar operación, opciones, condiciones y disponibilidad al consultar.",DINERO,,P0,Elegir vuelo y consultar según grupo. Landing y claridad comercial ya existen; no competir con Parapente/Ala Delta.,Mixta: estructura evergreen; datos operativos a confirmar,"ES / PT-BR / EN; rutas equivalentes, demanda no cuantificada"
Lancha privada: consulta de grupo,lancha,EXISTE Y ESTÁ CUBIERTO,/experiencias/lancha-privada/,Consultar un barco privado para un grupo,ALTA — Lancha privada: consulta de grupo,"BAJA — cobertura actual, no demanda nueva acreditada",ALTA — Lancha privada,MEDIA — claridad de elección del servicio real,"ALTA — Consultar un barco privado para un grupo. Hay oferta publicada y consulta específica, distinta de excursión colectiva a Angra.",ALTA,Mantener elección de barco/grupo/fecha documentada en Bloque 4; no segunda landing ni precios nuevos.,no,,Lancha privada,Bajo si se conserva esta intención y propietaria.,"Confirmar barco, fecha, duración e inclusiones por consulta.",DINERO,,P0,"Consultar un barco privado para un grupo. Hay oferta publicada y consulta específica, distinta de excursión colectiva a Angra.",Mixta: estructura evergreen; datos operativos a confirmar,"ES / PT-BR / EN; rutas equivalentes, demanda no cuantificada"
Ala Delta condicionada,tema:ala-delta,EXISTE Y ESTÁ CUBIERTO,/experiencias/ala-delta/,Conocer una experiencia distinta todavía condicionada,MEDIA — Ala Delta condicionada,"BAJA — cobertura actual, no demanda nueva acreditada",ALTA — Ala Delta,MEDIA — claridad de elección del servicio real,ALTA — Conocer una experiencia distinta todavía condicionada. La landing existente no es GAP de URL.,BACKLOG,Mantener PRÓXIMAMENTE; no activar venta/Ads hasta confirmación ni duplicar con Parapente.,no,,Ala Delta,Bajo si se conserva esta intención y propietaria.,"Operador, precio, modalidad, encuentro, requisitos, inclusiones y disponibilidad antes de activación.",DINERO,,Tema solicitado; no se inventa cluster de investigación,Conocer una experiencia distinta todavía condicionada. La landing existente no es GAP de URL.,Mixta: estructura evergreen; datos operativos a confirmar,"ES / PT-BR / EN; rutas equivalentes, demanda no cuantificada"
Airalo: conectividad previa al viaje,internet,EXISTE Y ESTÁ CUBIERTO,/guia/internet/,Elegir cómo llegar conectado,ALTA — Airalo: conectividad previa al viaje,"BAJA — cobertura actual, no demanda nueva acreditada",ALTA — Airalo,MEDIA — claridad de elección del servicio real,ALTA — Elegir cómo llegar conectado. Widget/fallback ya identificados y preservados; consulta de chip no equivale a compra Airalo.,ALTA,"Mantener comparación roaming/chip/eSIM y afiliación existente del Bloque 4. Próxima mejora: dudas reales de compatibilidad, sin condiciones inventadas.",no,,Airalo,Bajo si se conserva esta intención y propietaria.,Compatibilidad y condiciones se comprueban con proveedor; no inventar comisiones/conversiones.,DINERO,,P0,Elegir cómo llegar conectado. Widget/fallback ya identificados y preservados; consulta de chip no equivale a compra Airalo.,Mixta: estructura evergreen; datos operativos a confirmar,"ES / PT-BR / EN; rutas equivalentes, demanda no cuantificada"
Rentcars: comparar alquiler real,tema:rentcars,EXISTE Y ESTÁ CUBIERTO,/guia/alquiler-auto/,Comparar fechas/recogida/devolución,ALTA — Rentcars: comparar alquiler real,"BAJA — cobertura actual, no demanda nueva acreditada",ALTA — Rentcars,MEDIA — claridad de elección del servicio real,ALTA — Comparar fechas/recogida/devolución. Afiliación ya existe; el 403 de la comprobación previa no autoriza reemplazarla ni certificar atribución.,ALTA,Conservar integración 11142 y límite de evidencia externo del Bloque 4. No cambiar propiedad ni intervenir par D de alquiler.,no,,Rentcars,Caso D protegido del Bloque 5; no optimización semántica aquí.,Confirmación en navegador del proveedor y reservas/atribución reales si se medirán; caso D intacto.,DINERO,,Tema solicitado; no se inventa cluster de investigación,Comparar fechas/recogida/devolución. Afiliación ya existe; el 403 de la comprobación previa no autoriza reemplazarla ni certificar atribución.,Mixta: estructura evergreen; datos operativos a confirmar,"ES / PT-BR / EN; rutas equivalentes, demanda no cuantificada"
Assist Card: preparación y cotización,seguro,EXISTE Y ESTÁ CUBIERTO,/guia/seguro/,Elegir protección antes del viaje,ALTA — Assist Card: preparación y cotización,"BAJA — cobertura actual, no demanda nueva acreditada",ALTA — Assist Card,MEDIA — claridad de elección del servicio real,"ALTA — Elegir protección antes del viaje. Bloque 4 preservó integración; cotizar no acredita contratación, cobertura concreta o comisión.",ALTA,Mantener cotización diferenciada de atención médica y emergencia. No nuevas afirmaciones de cobertura ni cambio de token.,no,,Assist Card,Bajo si se conserva esta intención y propietaria.,Condiciones del plan con proveedor; no prometer reembolsos o cobertura.,DINERO,,P0,"Elegir protección antes del viaje. Bloque 4 preservó integración; cotizar no acredita contratación, cobertura concreta o comisión.",Mixta: estructura evergreen; datos operativos a confirmar,"ES / PT-BR / EN; rutas equivalentes, demanda no cuantificada"
Samba Bus: elección de opción publicada,tema:samba-bus,EXISTE Y ESTÁ CUBIERTO,/experiencias/rio-samba-bus/,Elegir día/noche/Super Ticket,ALTA — Samba Bus: elección de opción publicada,"BAJA — cobertura actual, no demanda nueva acreditada",ALTA — Rio Samba Bus,MEDIA — claridad de elección del servicio real,"ALTA — Elegir día/noche/Super Ticket. El producto y socio existen, pero operación vigente no se deduce de contenido estático.",MEDIA,"Conservar opciones y derivación del Bloque 4; condiciones externas pendientes de confirmación, sin cambios actuales.",no,,Rio Samba Bus,Bajo si se conserva esta intención y propietaria.,"Socio confirma agenda, opciones e idioma; códigos originales intactos.",DINERO,,Tema solicitado; no se inventa cluster de investigación,"Elegir día/noche/Super Ticket. El producto y socio existen, pero operación vigente no se deduce de contenido estático.",Mixta: estructura evergreen; datos operativos a confirmar,"ES / PT-BR / EN; rutas equivalentes, demanda no cuantificada"
Rocinha: contexto y producto,rocinha,EXISTE Y ESTÁ CUBIERTO,/experiencias/rocinha/,Elegir experiencia con contexto local,ALTA — Rocinha: contexto y producto,"BAJA — cobertura actual, no demanda nueva acreditada",ALTA — Rocinha,MEDIA — claridad de elección del servicio real,ALTA — Elegir experiencia con contexto local. Producto existente y logística cerrada; no requiere landing adicional.,ALTA,Mantener narrativa y consulta de Bloque 2; no inventar garantías ni instrumentalizar comunidad.,no,,Rocinha,Bajo si se conserva esta intención y propietaria.,"Operación concreta, fecha/grupo y requisitos al consultar.",DINERO,,P0,Elegir experiencia con contexto local. Producto existente y logística cerrada; no requiere landing adicional.,Mixta: estructura evergreen; datos operativos a confirmar,"ES / PT-BR / EN; rutas equivalentes, demanda no cuantificada"
Hospedaje: selección por necesidad,alquiler,EXISTE Y ESTÁ CUBIERTO,/hospedaje/,Consultar una unidad real en Copacabana,ALTA — Hospedaje: selección por necesidad,"BAJA — cobertura actual, no demanda nueva acreditada",ALTA — Hospedaje; Transfers,MEDIA — claridad de elección del servicio real,ALTA — Consultar una unidad real en Copacabana. La selección comercial está cerrada; mejoras futuras dependen de datos de unidades confirmados.,ALTA,Mantener catálogo y consulta por grupo/fechas. No cambiar ni promover unidad cuestionada; no corregir 805/605/Venti.,no,,Hospedaje; Transfers,Contradicciones y estudio-1-1 protegidos; no ampliar protagonismo.,Capacidades/condiciones pendientes y disponibilidad por Ernesto; no ejecutar ahora.,DINERO,,P0,Consultar una unidad real en Copacabana. La selección comercial está cerrada; mejoras futuras dependen de datos de unidades confirmados.,Mixta: estructura evergreen; datos operativos a confirmar,"ES / PT-BR / EN; rutas equivalentes, demanda no cuantificada"
P2: fuertes y patrimonio de bahía,cultura:fuertes,EXISTE Y ESTÁ CUBIERTO,/cultura/fuertes/,Elegir fortificación/patrimonio y paisaje,ALTA — P2: fuertes y patrimonio de bahía,"BAJA — cobertura actual, no demanda nueva acreditada",MEDIA — Tours privados solo si se confirma encaje,ALTA — planificación y contexto local,ALTA — Elegir fortificación/patrimonio y paisaje. El hub existe con fichas; conecta cultura y barrio sin ser taquilla ni tour automático.,ALTA,"P2-A: próximo ciclo seleccionar fichas de utilidad por zona y visita independiente; completar observaciones locales confirmadas, no reescribir catálogo.",no,,Tours privados solo si se confirma encaje,Bajo si se conserva esta intención y propietaria.,No para mantener; sí para contenido nuevo no documentado.,MIXTA,P2-A,P2,Elegir fortificación/patrimonio y paisaje. El hub existe con fichas; conecta cultura y barrio sin ser taquilla ni tour automático.,Mixta: estructura evergreen; datos operativos a confirmar,"ES / PT-BR / EN; rutas equivalentes, demanda no cuantificada"
P2: teatros y patrimonio para lluvia,cultura:teatros,EXISTE Y ESTÁ CUBIERTO,/cultura/teatros/,Elegir edificio o actividad cultural,ALTA — P2: teatros y patrimonio para lluvia,"BAJA — cobertura actual, no demanda nueva acreditada",BAJA — Sin producto necesario,ALTA — planificación y contexto local,ALTA — Elegir edificio o actividad cultural. Hay 22 lugares; no prometer acceso interno ni agenda vigente por tener ficha.,ALTA,P2-A: diferenciar visita arquitectónica de programación/función en fichas elegidas; conservar catálogo y confirmar operación antes de ampliar.,no,,,Bajo si se conserva esta intención y propietaria.,Confirmación de visitas/programación por espacio.,AUTORIDAD,P2-A,P2,Elegir edificio o actividad cultural. Hay 22 lugares; no prometer acceso interno ni agenda vigente por tener ficha.,Mixta: estructura evergreen; datos operativos a confirmar,"ES / PT-BR / EN; rutas equivalentes, demanda no cuantificada"
P2: Confeitaria Colombo en Centro,gastronomia:confeitaria-colombo,EXISTE Y ESTÁ CUBIERTO,/gastronomia/confeitaria-colombo/,Elegir café patrimonial de Centro,ALTA — P2: Confeitaria Colombo en Centro,"BAJA — cobertura actual, no demanda nueva acreditada",MEDIA — Recorrido Centro consultable si se confirma,ALTA — planificación y contexto local,"ALTA — Elegir café patrimonial de Centro. La ficha describe espejos, vitrales, claraboyas, comida y momento de visita; es útil cultural y gastronómicamente.",ALTA,"P2-A: conservar matriz/unidad correcta y consejos de visita; siguiente aporte debe venir de experiencia real del anfitrión, sin narrar recorrido Premium.",no,,Recorrido Centro consultable si se confirma,Bajo si se conserva esta intención y propietaria.,No para mantener; sí para contenido nuevo no documentado.,MIXTA,P2-A,P2,"Elegir café patrimonial de Centro. La ficha describe espejos, vitrales, claraboyas, comida y momento de visita; es útil cultural y gastronómicamente.",Mixta: estructura evergreen; datos operativos a confirmar,"ES / PT-BR / EN; rutas equivalentes, demanda no cuantificada"
P2: bicicletas y último tramo,transportes:bicicletas,EXISTE Y ESTÁ CUBIERTO,/transportes/bicicletas/,Decidir cuándo pedalear,ALTA — P2: bicicletas y último tramo,"BAJA — cobertura actual, no demanda nueva acreditada",BAJA — Sin producto necesario,ALTA — planificación y contexto local,ALTA — Decidir cuándo pedalear. La ficha de transporte ya existe; ayuda a conectar barrio/playa sin convertirla en venta de traslado.,ALTA,P2-A: próxima revisión selectiva de uso y estaciones/proveedor oficiales; no declarar disponibilidad de bicicletas en tiempo real.,no,,,Bajo si se conserva esta intención y propietaria.,No para mantener; sí para contenido nuevo no documentado.,AUTORIDAD,P2-A,P2,Decidir cuándo pedalear. La ficha de transporte ya existe; ayuda a conectar barrio/playa sin convertirla en venta de traslado.,Mixta: estructura evergreen; datos operativos a confirmar,"ES / PT-BR / EN; rutas equivalentes, demanda no cuantificada"
P2: Ilha da Gigóia como decisión local,barrios:ilha-da-gigoia,EXISTE Y ESTÁ CUBIERTO,/barrios/ilha-da-gigoia/,Elegir un área con acceso particular,ALTA — P2: Ilha da Gigóia como decisión local,"BAJA — cobertura actual, no demanda nueva acreditada",MEDIA — Transfer si grupo necesita traslado confirmado,ALTA — planificación y contexto local,ALTA — Elegir un área con acceso particular. La ficha permite una mirada local distinta de una lista genérica; no asegura barco/transporte o restaurante disponible.,ALTA,P2-A: completar en siguiente ciclo observaciones reales sobre llegada/regreso y elección de ambiente; conservar guía del área.,no,,Transfer si grupo necesita traslado confirmado,Bajo si se conserva esta intención y propietaria.,Confirmar acceso y regreso antes de introducir datos operativos.,MIXTA,P2-A,P2,Elegir un área con acceso particular. La ficha permite una mirada local distinta de una lista genérica; no asegura barco/transporte o restaurante disponible.,Mixta: estructura evergreen; datos operativos a confirmar,"ES / PT-BR / EN; rutas equivalentes, demanda no cuantificada"
P2: MAM y paisajismo,cultura:mam-rio,EXISTE Y ESTÁ CUBIERTO,/cultura/mam-rio/,Comprender arte y edificio modernista,ALTA — P2: MAM y paisajismo,"BAJA — cobertura actual, no demanda nueva acreditada",BAJA — Sin producto necesario,ALTA — planificación y contexto local,"ALTA — Comprender arte y edificio modernista. La ficha ya integra exposiciones, Cinemateca, Burle Marx y parque; complemento cultural útil sin urgencia de contenido.",MEDIA,P2-B: conservar; revisar solo con pregunta real o contexto adicional confirmado. No modificar en este bloque.,no,,,Bajo si se conserva esta intención y propietaria.,No para mantener; sí para contenido nuevo no documentado.,AUTORIDAD,P2-B,P2,"Comprender arte y edificio modernista. La ficha ya integra exposiciones, Cinemateca, Burle Marx y parque; complemento cultural útil sin urgencia de contenido.",Mixta: estructura evergreen; datos operativos a confirmar,"ES / PT-BR / EN; rutas equivalentes, demanda no cuantificada"
P2: historia en MHN,cultura:mhn,EXISTE Y ESTÁ CUBIERTO,/cultura/mhn/,Comprender historia de Brasil en Centro,ALTA — P2: historia en MHN,"BAJA — cobertura actual, no demanda nueva acreditada",BAJA — Sin producto necesario,ALTA — planificación y contexto local,ALTA — Comprender historia de Brasil en Centro. La ficha presenta acervo y edificio; no se acredita un hueco concreto que justifique reescritura inmediata.,MEDIA,P2-B: conservar; revisar solo con pregunta real o contexto adicional confirmado. No modificar en este bloque.,no,,,Bajo si se conserva esta intención y propietaria.,No para mantener; sí para contenido nuevo no documentado.,AUTORIDAD,P2-B,P2,Comprender historia de Brasil en Centro. La ficha presenta acervo y edificio; no se acredita un hueco concreto que justifique reescritura inmediata.,Mixta: estructura evergreen; datos operativos a confirmar,"ES / PT-BR / EN; rutas equivalentes, demanda no cuantificada"
P2: arte popular en Museu do Pontal,cultura:museu-pontal,EXISTE Y ESTÁ CUBIERTO,/cultura/museu-pontal/,Conocer arte popular fuera del circuito central,ALTA — P2: arte popular en Museu do Pontal,"BAJA — cobertura actual, no demanda nueva acreditada",BAJA — Sin producto necesario,ALTA — planificación y contexto local,"ALTA — Conocer arte popular fuera del circuito central. La ficha ya trata colección y experiencia; valorar logística según perfil, sin asumir oferta comercial.",MEDIA,P2-B: conservar; revisar solo con pregunta real o contexto adicional confirmado. No modificar en este bloque.,no,,,Bajo si se conserva esta intención y propietaria.,No para mantener; sí para contenido nuevo no documentado.,AUTORIDAD,P2-B,P2,"Conocer arte popular fuera del circuito central. La ficha ya trata colección y experiencia; valorar logística según perfil, sin asumir oferta comercial.",Mixta: estructura evergreen; datos operativos a confirmar,"ES / PT-BR / EN; rutas equivalentes, demanda no cuantificada"
P2: Lagoa por tramo y perfil,barrios:lagoa,EXISTE Y ESTÁ CUBIERTO,/barrios/lagoa/,Elegir tramo y paseo en Lagoa,ALTA — P2: Lagoa por tramo y perfil,"BAJA — cobertura actual, no demanda nueva acreditada",BAJA — Sin producto necesario,ALTA — planificación y contexto local,ALTA — Elegir tramo y paseo en Lagoa. La ficha ya recomienda combinaciones y punto de encuentro; un nuevo enfoque requiere observación real del lugar.,MEDIA,P2-B: conservar; revisar solo con pregunta real o contexto adicional confirmado. No modificar en este bloque.,no,,,Bajo si se conserva esta intención y propietaria.,No para mantener; sí para contenido nuevo no documentado.,AUTORIDAD,P2-B,P2,Elegir tramo y paseo en Lagoa. La ficha ya recomienda combinaciones y punto de encuentro; un nuevo enfoque requiere observación real del lugar.,Mixta: estructura evergreen; datos operativos a confirmar,"ES / PT-BR / EN; rutas equivalentes, demanda no cuantificada"
P2: Madureira como contexto,barrios:madureira,EXISTE Y ESTÁ CUBIERTO,/barrios/madureira/,Comprender barrio y cultura local,ALTA — P2: Madureira como contexto,"BAJA — cobertura actual, no demanda nueva acreditada",BAJA — Sin producto necesario,ALTA — planificación y contexto local,ALTA — Comprender barrio y cultura local. Existe barrio además del Mercadão; no fusionar entidad mercado con área ni crear otra página por sinónimo.,MEDIA,P2-B: conservar; revisar solo con pregunta real o contexto adicional confirmado. No modificar en este bloque.,no,,,Bajo si se conserva esta intención y propietaria.,No para mantener; sí para contenido nuevo no documentado.,AUTORIDAD,P2-B,P2,Comprender barrio y cultura local. Existe barrio además del Mercadão; no fusionar entidad mercado con área ni crear otra página por sinónimo.,Mixta: estructura evergreen; datos operativos a confirmar,"ES / PT-BR / EN; rutas equivalentes, demanda no cuantificada"
P2: bibliotecas,cultura:bibliotecas,EXISTE Y ESTÁ CUBIERTO,/cultura/bibliotecas/,Elegir un espacio literario,MEDIA — P2: bibliotecas,"BAJA — cobertura actual, no demanda nueva acreditada",BAJA — Sin producto necesario,ALTA — planificación y contexto local,"ALTA — Elegir un espacio literario. El catálogo ya cubre 17 lugares; mantener acceso y enlaces, sin demanda adicional certificada.",BACKLOG,P2-C: mantenimiento de enlaces/datos cuando corresponda. No modificar ni crear variantes.,no,,,Bajo si se conserva esta intención y propietaria.,No para mantener; sí para contenido nuevo no documentado.,AUTORIDAD,P2-C,P2,"Elegir un espacio literario. El catálogo ya cubre 17 lugares; mantener acceso y enlaces, sin demanda adicional certificada.",Mixta: estructura evergreen; datos operativos a confirmar,"ES / PT-BR / EN; rutas equivalentes, demanda no cuantificada"
P2: MUSAL,cultura:musal,EXISTE Y ESTÁ CUBIERTO,/cultura/musal/,Conocer aviación en Campo dos Afonsos,MEDIA — P2: MUSAL,"BAJA — cobertura actual, no demanda nueva acreditada",BAJA — Sin producto necesario,ALTA — planificación y contexto local,"ALTA — Conocer aviación en Campo dos Afonsos. Tiene ficha extensa y logística específica; oportunidad especializada, no prioridad automática para todo turista.",BACKLOG,P2-C: mantenimiento de enlaces/datos cuando corresponda. No modificar ni crear variantes.,no,,,Bajo si se conserva esta intención y propietaria.,No para mantener; sí para contenido nuevo no documentado.,AUTORIDAD,P2-C,P2,"Conocer aviación en Campo dos Afonsos. Tiene ficha extensa y logística específica; oportunidad especializada, no prioridad automática para todo turista.",Mixta: estructura evergreen; datos operativos a confirmar,"ES / PT-BR / EN; rutas equivalentes, demanda no cuantificada"
P2: Zona Norte agregada,barrios:zona-norte,EXISTE Y ESTÁ CUBIERTO,/barrios/zona-norte/,Comprender área amplia,MEDIA — P2: Zona Norte agregada,"BAJA — cobertura actual, no demanda nueva acreditada",BAJA — Sin producto necesario,ALTA — planificación y contexto local,"ALTA — Comprender área amplia. La ficha enumera fútbol, samba, parques y distancias; conservar como orientación sin otra página de captación genérica.",BACKLOG,P2-C: mantenimiento de enlaces/datos cuando corresponda. No modificar ni crear variantes.,no,,,Bajo si se conserva esta intención y propietaria.,No para mantener; sí para contenido nuevo no documentado.,AUTORIDAD,P2-C,P2,"Comprender área amplia. La ficha enumera fútbol, samba, parques y distancias; conservar como orientación sin otra página de captación genérica.",Mixta: estructura evergreen; datos operativos a confirmar,"ES / PT-BR / EN; rutas equivalentes, demanda no cuantificada"
