cluster,idioma,intencion,url_propietaria,url_competidora,clasificacion_A_B_C_D_E,evidencia,accion,modificada_si_no
alojamiento,ES,Elegir zona para alojarse,/guia/donde-alojarse/,/hospedaje/,A,"La guía compara Copacabana, Ipanema y otras zonas; su enlace «Ver apartamentos Ernestinho» deriva al catálogo. Hospedaje muestra unidades concretas y consulta de fechas/huéspedes. Elegir barrio no equivale a consultar una propiedad.",NO MODIFICAR: diferenciación suficiente.,no
alojamiento,PT-BR,Elegir zona para alojarse,/pt/guia/donde-alojarse/,/pt/hospedaje/,A,"La guía compara Copacabana, Ipanema y otras zonas; su enlace «Ver apartamentos Ernestinho» deriva al catálogo. Hospedaje muestra unidades concretas y consulta de fechas/huéspedes. Elegir barrio no equivale a consultar una propiedad.",NO MODIFICAR: diferenciación suficiente.,no
alojamiento,EN,Elegir zona para alojarse,/en/guia/donde-alojarse/,/en/hospedaje/,A,"La guía compara Copacabana, Ipanema y otras zonas; su enlace «Ver apartamentos Ernestinho» deriva al catálogo. Hospedaje muestra unidades concretas y consulta de fechas/huéspedes. Elegir barrio no equivale a consultar una propiedad.",NO MODIFICAR: diferenciación suficiente.,no
alquiler,ES,Consultar apartamentos existentes,/hospedaje/,/guia/donde-alojarse/,A,"El catálogo presenta propiedades y consultas; la guía compara barrios. Las fichas individuales representan unidades, no la búsqueda genérica de dónde alojarse. No se promueve estudio-1-1 ni se revisan capacidades, precios o contradicciones.",NO MODIFICAR: diferenciación suficiente.,no
alquiler,PT-BR,Consultar apartamentos existentes,/pt/hospedaje/,/pt/guia/donde-alojarse/,A,"El catálogo presenta propiedades y consultas; la guía compara barrios. Las fichas individuales representan unidades, no la búsqueda genérica de dónde alojarse. No se promueve estudio-1-1 ni se revisan capacidades, precios o contradicciones.",NO MODIFICAR: diferenciación suficiente.,no
alquiler,EN,Consultar apartamentos existentes,/en/hospedaje/,/en/guia/donde-alojarse/,A,"El catálogo presenta propiedades y consultas; la guía compara barrios. Las fichas individuales representan unidades, no la búsqueda genérica de dónde alojarse. No se promueve estudio-1-1 ni se revisan capacidades, precios o contradicciones.",NO MODIFICAR: diferenciación suficiente.,no
atracciones:maracana,ES,Conocer Maracanã como punto turístico,/atracciones/maracana/,/experiencias/maracana-experience/ | /experiencias/partido-maracana/,A,"La introducción informativa distingue conocer el estadio y asistir a un partido. Experience ofrece visita; Partido ofrece asistencia a un juego. No son intercambiables. El caso Familia se separa en la comprobación complementaria D, porque también contiene consulta comercial de tour.",NO MODIFICAR: diferenciación suficiente.,no
atracciones:maracana,PT-BR,Conocer Maracanã como punto turístico,/pt/atracciones/maracana/,/pt/experiencias/maracana-experience/ | /pt/experiencias/partido-maracana/,A,"La introducción informativa distingue conocer el estadio y asistir a un partido. Experience ofrece visita; Partido ofrece asistencia a un juego. No son intercambiables. El caso Familia se separa en la comprobación complementaria D, porque también contiene consulta comercial de tour.",NO MODIFICAR: diferenciación suficiente.,no
atracciones:maracana,EN,Conocer Maracanã como punto turístico,/en/atracciones/maracana/,/en/experiencias/maracana-experience/ | /en/experiencias/partido-maracana/,A,"La introducción informativa distingue conocer el estadio y asistir a un partido. Experience ofrece visita; Partido ofrece asistencia a un juego. No son intercambiables. El caso Familia se separa en la comprobación complementaria D, porque también contiene consulta comercial de tour.",NO MODIFICAR: diferenciación suficiente.,no
atracciones:museu-amanha,ES,Encajar el museo en un recorrido por Praça Mauá,/atracciones/museu-amanha/,/cultura/amanha/,A,"Atracciones introduce el museo como pieza del recorrido Praça Mauá/Boulevard/Zona Portuaria y pide confirmar entradas. Cultura desarrolla Cosmos, Antropoceno, decisiones del presente, Calatrava y sostenibilidad. El nombre en ambos titles es la entidad, no prueba de una misma tarea.",NO MODIFICAR: diferenciación suficiente.,no
atracciones:museu-amanha,PT-BR,Encajar el museo en un recorrido por Praça Mauá,/pt/atracciones/museu-amanha/,/pt/cultura/amanha/,A,"Atracciones introduce el museo como pieza del recorrido Praça Mauá/Boulevard/Zona Portuaria y pide confirmar entradas. Cultura desarrolla Cosmos, Antropoceno, decisiones del presente, Calatrava y sostenibilidad. El nombre en ambos titles es la entidad, no prueba de una misma tarea.",NO MODIFICAR: diferenciación suficiente.,no
atracciones:museu-amanha,EN,Encajar el museo en un recorrido por Praça Mauá,/en/atracciones/museu-amanha/,/en/cultura/amanha/,A,"Atracciones introduce el museo como pieza del recorrido Praça Mauá/Boulevard/Zona Portuaria y pide confirmar entradas. Cultura desarrolla Cosmos, Antropoceno, decisiones del presente, Calatrava y sostenibilidad. El nombre en ambos titles es la entidad, no prueba de una misma tarea.",NO MODIFICAR: diferenciación suficiente.,no
cultura:amanha,ES,Comprender exposición y contexto cultural del museo,/cultura/amanha/,/atracciones/museu-amanha/,A,"La description cultural habla de explorar el presente y futuros posibles; desarrolla exposición, historia, arquitectura y ciencia. Atracciones es una ficha breve para elegir lugar y recorrido. El bloque práctico cultural es secundario y no elimina la diferencia de propósito.",NO MODIFICAR: diferenciación suficiente.,no
cultura:amanha,PT-BR,Comprender exposición y contexto cultural del museo,/pt/cultura/amanha/,/pt/atracciones/museu-amanha/,A,"La description cultural habla de explorar el presente y futuros posibles; desarrolla exposición, historia, arquitectura y ciencia. Atracciones es una ficha breve para elegir lugar y recorrido. El bloque práctico cultural es secundario y no elimina la diferencia de propósito.",NO MODIFICAR: diferenciación suficiente.,no
cultura:amanha,EN,Comprender exposición y contexto cultural del museo,/en/cultura/amanha/,/en/atracciones/museu-amanha/,A,"La description cultural habla de explorar el presente y futuros posibles; desarrolla exposición, historia, arquitectura y ciencia. Atracciones es una ficha breve para elegir lugar y recorrido. El bloque práctico cultural es secundario y no elimina la diferencia de propósito.",NO MODIFICAR: diferenciación suficiente.,no
cultura:museu-flamengo,ES,Historia y memoria del club Flamengo en su museo,/cultura/museu-flamengo/,/atracciones/maracana/ | /experiencias/maracana-experience/,A,"El museo trata trofeos, ídolos y memoria del club en Gávea. Las otras URLs tratan el estadio Maracanã o su visita. Son recintos y tareas distintos; fútbol como tema común no demuestra competencia.",NO MODIFICAR: diferenciación suficiente.,no
cultura:museu-flamengo,PT-BR,Historia y memoria del club Flamengo en su museo,/pt/cultura/museu-flamengo/,/pt/atracciones/maracana/ | /pt/experiencias/maracana-experience/,A,"El museo trata trofeos, ídolos y memoria del club en Gávea. Las otras URLs tratan el estadio Maracanã o su visita. Son recintos y tareas distintos; fútbol como tema común no demuestra competencia.",NO MODIFICAR: diferenciación suficiente.,no
cultura:museu-flamengo,EN,Historia y memoria del club Flamengo en su museo,/en/cultura/museu-flamengo/,/en/atracciones/maracana/ | /en/experiencias/maracana-experience/,A,"El museo trata trofeos, ídolos y memoria del club en Gávea. Las otras URLs tratan el estadio Maracanã o su visita. Son recintos y tareas distintos; fútbol como tema común no demuestra competencia.",NO MODIFICAR: diferenciación suficiente.,no
cultura:museu-samba,ES,Memoria y cultura del samba,/cultura/museu-samba/,/vida-nocturna/,A,"La ficha describe memoria, patrimonio y museo en Mangueira. El hub nocturno ayuda a elegir locales y programación para salir. Conocer el patrimonio del samba difiere de buscar una salida musical.",NO MODIFICAR: diferenciación suficiente.,no
cultura:museu-samba,PT-BR,Memoria y cultura del samba,/pt/cultura/museu-samba/,/pt/vida-nocturna/,A,"La ficha describe memoria, patrimonio y museo en Mangueira. El hub nocturno ayuda a elegir locales y programación para salir. Conocer el patrimonio del samba difiere de buscar una salida musical.",NO MODIFICAR: diferenciación suficiente.,no
cultura:museu-samba,EN,Memoria y cultura del samba,/en/cultura/museu-samba/,/en/vida-nocturna/,A,"La ficha describe memoria, patrimonio y museo en Mangueira. El hub nocturno ayuda a elegir locales y programación para salir. Conocer el patrimonio del samba difiere de buscar una salida musical.",NO MODIFICAR: diferenciación suficiente.,no
gastronomia:bafo-da-prainha,ES,Elegir bafo-da-prainha para comer/beber,/gastronomia/bafo-da-prainha/,/vida-nocturna/bafo-da-prainha/,D,"Gastronomía incluye qué pedir, brasa/petiscos, historia y entorno del Largo; Noche propone una tarde que avanza hacia la noche, programación musical y regreso. Ambas también narran encuentro y samba en el mismo local. Sin consultas por página no se conoce si la búsqueda de marca necesita ambos enfoques.",NO MODIFICAR: comparar consultas/páginas en Search Console; no hay propietaria genérica demostrada.,no
gastronomia:bafo-da-prainha,PT-BR,Elegir bafo-da-prainha para comer/beber,/pt/gastronomia/bafo-da-prainha/,/pt/vida-nocturna/bafo-da-prainha/,D,"Gastronomía incluye qué pedir, brasa/petiscos, historia y entorno del Largo; Noche propone una tarde que avanza hacia la noche, programación musical y regreso. Ambas también narran encuentro y samba en el mismo local. Sin consultas por página no se conoce si la búsqueda de marca necesita ambos enfoques.",NO MODIFICAR: comparar consultas/páginas en Search Console; no hay propietaria genérica demostrada.,no
gastronomia:bafo-da-prainha,EN,Elegir bafo-da-prainha para comer/beber,/en/gastronomia/bafo-da-prainha/,/en/vida-nocturna/bafo-da-prainha/,D,"Gastronomía incluye qué pedir, brasa/petiscos, historia y entorno del Largo; Noche propone una tarde que avanza hacia la noche, programación musical y regreso. Ambas también narran encuentro y samba en el mismo local. Sin consultas por página no se conoce si la búsqueda de marca necesita ambos enfoques.",NO MODIFICAR: comparar consultas/páginas en Search Console; no hay propietaria genérica demostrada.,no
gastronomia:bar-do-omar,ES,Elegir bar-do-omar para comer/beber,/gastronomia/bar-do-omar/,/vida-nocturna/bar-do-omar/,D,"Gastronomía desarrolla hamburguesas/petiscos, terraza y cómo combinar la comida; Noche desarrolla música, agenda, llegada y regreso al Morro do Pinto. Ambas incluyen ambiente y vista del mismo bar. No hay datos query/página que demuestren alternancia para la consulta de marca.",NO MODIFICAR: comparar consultas/páginas en Search Console; no hay propietaria genérica demostrada.,no
gastronomia:bar-do-omar,PT-BR,Elegir bar-do-omar para comer/beber,/pt/gastronomia/bar-do-omar/,/pt/vida-nocturna/bar-do-omar/,D,"Gastronomía desarrolla hamburguesas/petiscos, terraza y cómo combinar la comida; Noche desarrolla música, agenda, llegada y regreso al Morro do Pinto. Ambas incluyen ambiente y vista del mismo bar. No hay datos query/página que demuestren alternancia para la consulta de marca.",NO MODIFICAR: comparar consultas/páginas en Search Console; no hay propietaria genérica demostrada.,no
gastronomia:bar-do-omar,EN,Elegir bar-do-omar para comer/beber,/en/gastronomia/bar-do-omar/,/en/vida-nocturna/bar-do-omar/,D,"Gastronomía desarrolla hamburguesas/petiscos, terraza y cómo combinar la comida; Noche desarrolla música, agenda, llegada y regreso al Morro do Pinto. Ambas incluyen ambiente y vista del mismo bar. No hay datos query/página que demuestren alternancia para la consulta de marca.",NO MODIFICAR: comparar consultas/páginas en Search Console; no hay propietaria genérica demostrada.,no
gastronomia:boa-praca-ipanema,ES,Elegir boa-praca-ipanema para comer/beber,/gastronomia/boa-praca-ipanema/,/vida-nocturna/boa-praca-ipanema/,D,"Gastronomía explica rondas de petiscos/chope, carta y momentos del día; Noche también detalla comida/feijoada, mesas y programación de la misma unidad en Vieira Souto 110. Comparten parte de la tarea, aunque la agenda diferencia el enfoque. Hace falta observar consultas genéricas y de música/menú.",NO MODIFICAR: comparar consultas/páginas en Search Console; no hay propietaria genérica demostrada.,no
gastronomia:boa-praca-ipanema,PT-BR,Elegir boa-praca-ipanema para comer/beber,/pt/gastronomia/boa-praca-ipanema/,/pt/vida-nocturna/boa-praca-ipanema/,D,"Gastronomía explica rondas de petiscos/chope, carta y momentos del día; Noche también detalla comida/feijoada, mesas y programación de la misma unidad en Vieira Souto 110. Comparten parte de la tarea, aunque la agenda diferencia el enfoque. Hace falta observar consultas genéricas y de música/menú.",NO MODIFICAR: comparar consultas/páginas en Search Console; no hay propietaria genérica demostrada.,no
gastronomia:boa-praca-ipanema,EN,Elegir boa-praca-ipanema para comer/beber,/en/gastronomia/boa-praca-ipanema/,/en/vida-nocturna/boa-praca-ipanema/,D,"Gastronomía explica rondas de petiscos/chope, carta y momentos del día; Noche también detalla comida/feijoada, mesas y programación de la misma unidad en Vieira Souto 110. Comparten parte de la tarea, aunque la agenda diferencia el enfoque. Hace falta observar consultas genéricas y de música/menú.",NO MODIFICAR: comparar consultas/páginas en Search Console; no hay propietaria genérica demostrada.,no
gastronomia:coisas-de-bamba,ES,Elegir coisas-de-bamba para comer/beber,/gastronomia/coisas-de-bamba/,/vida-nocturna/coisas-de-bamba/,D,"Gastronomía describe quiosque, petiscos y visita según hora; Noche presenta samba/MPB y programación en Posto 4. Las dos incorporan música y comida. La entidad común y los horarios no bastan para decidir cuál debe captar la consulta genérica.",NO MODIFICAR: comparar consultas/páginas en Search Console; no hay propietaria genérica demostrada.,no
gastronomia:coisas-de-bamba,PT-BR,Elegir coisas-de-bamba para comer/beber,/pt/gastronomia/coisas-de-bamba/,/pt/vida-nocturna/coisas-de-bamba/,D,"Gastronomía describe quiosque, petiscos y visita según hora; Noche presenta samba/MPB y programación en Posto 4. Las dos incorporan música y comida. La entidad común y los horarios no bastan para decidir cuál debe captar la consulta genérica.",NO MODIFICAR: comparar consultas/páginas en Search Console; no hay propietaria genérica demostrada.,no
gastronomia:coisas-de-bamba,EN,Elegir coisas-de-bamba para comer/beber,/en/gastronomia/coisas-de-bamba/,/en/vida-nocturna/coisas-de-bamba/,D,"Gastronomía describe quiosque, petiscos y visita según hora; Noche presenta samba/MPB y programación en Posto 4. Las dos incorporan música y comida. La entidad común y los horarios no bastan para decidir cuál debe captar la consulta genérica.",NO MODIFICAR: comparar consultas/páginas en Search Console; no hay propietaria genérica demostrada.,no
gastronomia:fogo-de-chao-botafogo,ES,Elegir fogo-de-chao-botafogo para comer/beber,/gastronomia/fogo-de-chao-botafogo/,/vida-nocturna/fogo-de-chao-botafogo/,A,"Gastronomía se centra en rodízio, cortes, Market Table y ritmo de comida. Noche explicita el bar como aperitivo/copa antes de seguir, sin presentarlo como discoteca. Restaurante y parada de bebidas son tareas distintas.",NO MODIFICAR: diferenciación suficiente.,no
gastronomia:fogo-de-chao-botafogo,PT-BR,Elegir fogo-de-chao-botafogo para comer/beber,/pt/gastronomia/fogo-de-chao-botafogo/,/pt/vida-nocturna/fogo-de-chao-botafogo/,A,"Gastronomía se centra en rodízio, cortes, Market Table y ritmo de comida. Noche explicita el bar como aperitivo/copa antes de seguir, sin presentarlo como discoteca. Restaurante y parada de bebidas son tareas distintas.",NO MODIFICAR: diferenciación suficiente.,no
gastronomia:fogo-de-chao-botafogo,EN,Elegir fogo-de-chao-botafogo para comer/beber,/en/gastronomia/fogo-de-chao-botafogo/,/en/vida-nocturna/fogo-de-chao-botafogo/,A,"Gastronomía se centra en rodízio, cortes, Market Table y ritmo de comida. Noche explicita el bar como aperitivo/copa antes de seguir, sin presentarlo como discoteca. Restaurante y parada de bebidas son tareas distintas.",NO MODIFICAR: diferenciación suficiente.,no
gastronomia:quartinho,ES,Elegir quartinho para comer/beber,/gastronomia/quartinho/,/vida-nocturna/quartinho/,D,"Gastronomía se presenta como «bar pequeño, coctelería y una noche de Botafogo» y aclara que no es cena convencional; Noche también describe bar íntimo, carta de comidas/tragos, llegada temprana y aforo. Hay solapamiento editorial fuerte. El mapa conserva las dos fichas con KEEP y no asigna ganadora genérica; no hay medición para decidir propiedad sin forzar un restaurante inexistente.",NO MODIFICAR: comparar consultas/páginas en Search Console; no hay propietaria genérica demostrada.,no
gastronomia:quartinho,PT-BR,Elegir quartinho para comer/beber,/pt/gastronomia/quartinho/,/pt/vida-nocturna/quartinho/,D,"Gastronomía se presenta como «bar pequeño, coctelería y una noche de Botafogo» y aclara que no es cena convencional; Noche también describe bar íntimo, carta de comidas/tragos, llegada temprana y aforo. Hay solapamiento editorial fuerte. El mapa conserva las dos fichas con KEEP y no asigna ganadora genérica; no hay medición para decidir propiedad sin forzar un restaurante inexistente.",NO MODIFICAR: comparar consultas/páginas en Search Console; no hay propietaria genérica demostrada.,no
gastronomia:quartinho,EN,Elegir quartinho para comer/beber,/en/gastronomia/quartinho/,/en/vida-nocturna/quartinho/,D,"Gastronomía se presenta como «bar pequeño, coctelería y una noche de Botafogo» y aclara que no es cena convencional; Noche también describe bar íntimo, carta de comidas/tragos, llegada temprana y aforo. Hay solapamiento editorial fuerte. El mapa conserva las dos fichas con KEEP y no asigna ganadora genérica; no hay medición para decidir propiedad sin forzar un restaurante inexistente.",NO MODIFICAR: comparar consultas/páginas en Search Console; no hay propietaria genérica demostrada.,no
general,ES,Descubrir lugares para visitar,/atracciones/,/experiencias/ | /hoy/,A,"Title de Atracciones: qué visitar; fichas de puntos turísticos. Experiencias: tours/paseos y selección de productos. Hoy: filtros por momento, clima considerado y energía, con ideas editoriales del día. Funciones diferentes sin prometer datos en tiempo real.",NO MODIFICAR: diferenciación suficiente.,no
general,PT-BR,Descubrir lugares para visitar,/pt/atracciones/,/pt/experiencias/ | /pt/hoy/,A,"Title de Atracciones: qué visitar; fichas de puntos turísticos. Experiencias: tours/paseos y selección de productos. Hoy: filtros por momento, clima considerado y energía, con ideas editoriales del día. Funciones diferentes sin prometer datos en tiempo real.",NO MODIFICAR: diferenciación suficiente.,no
general,EN,Descubrir lugares para visitar,/en/atracciones/,/en/experiencias/ | /en/hoy/,A,"Title de Atracciones: qué visitar; fichas de puntos turísticos. Experiencias: tours/paseos y selección de productos. Hoy: filtros por momento, clima considerado y energía, con ideas editoriales del día. Funciones diferentes sin prometer datos en tiempo real.",NO MODIFICAR: diferenciación suficiente.,no
gig,ES,Orientarse al llegar por GIG o SDU,/guia/aeropuertos/,/transportes/transporte-privado/,A,"La guía identifica GIG/SDU y compara taxi, aplicaciones y transporte público. Un enlace explícito deriva a traslado privado y cotización. La landing solicita origen/destino, vuelo, fecha, pasajeros y equipaje para consultar un servicio concreto.",NO MODIFICAR: diferenciación suficiente.,no
gig,PT-BR,Orientarse al llegar por GIG o SDU,/pt/guia/aeropuertos/,/pt/transportes/transporte-privado/,A,"La guía identifica GIG/SDU y compara taxi, aplicaciones y transporte público. Un enlace explícito deriva a traslado privado y cotización. La landing solicita origen/destino, vuelo, fecha, pasajeros y equipaje para consultar un servicio concreto.",NO MODIFICAR: diferenciación suficiente.,no
gig,EN,Orientarse al llegar por GIG o SDU,/en/guia/aeropuertos/,/en/transportes/transporte-privado/,A,"La guía identifica GIG/SDU y compara taxi, aplicaciones y transporte público. Un enlace explícito deriva a traslado privado y cotización. La landing solicita origen/destino, vuelo, fecha, pasajeros y equipaje para consultar un servicio concreto.",NO MODIFICAR: diferenciación suficiente.,no
gratis,ES,Explorar opciones y puntos turísticos,/atracciones/,/experiencias/ | /hoy/,A,General y gratis ya apuntan a la misma URL del mapa: no son dos páginas rivales. Las alternativas editoriales de Atracciones se distinguen de productos contratables y de la decisión filtrada para hoy. No se crea una página de sinónimos.,NO MODIFICAR: diferenciación suficiente.,no
gratis,PT-BR,Explorar opciones y puntos turísticos,/pt/atracciones/,/pt/experiencias/ | /pt/hoy/,A,General y gratis ya apuntan a la misma URL del mapa: no son dos páginas rivales. Las alternativas editoriales de Atracciones se distinguen de productos contratables y de la decisión filtrada para hoy. No se crea una página de sinónimos.,NO MODIFICAR: diferenciación suficiente.,no
gratis,EN,Explorar opciones y puntos turísticos,/en/atracciones/,/en/experiencias/ | /en/hoy/,A,General y gratis ya apuntan a la misma URL del mapa: no son dos páginas rivales. Las alternativas editoriales de Atracciones se distinguen de productos contratables y de la decisión filtrada para hoy. No se crea una página de sinónimos.,NO MODIFICAR: diferenciación suficiente.,no
seguro,ES,Preparar seguro y entender asistencia/SUS,/guia/seguro/,/consejos/seguro-viaje/ | /guia/emergencias/,A,"Title de la guía: seguro, SUS y emergencias médicas; contiene criterios y acceso a asistencia con integración Assist Card diferenciada. Consejos: por qué viajar protegido y guardar documentación. Emergencias: números y pasos inmediatos ante incidentes, además de robo/documentos. Hay temas compartidos, pero tareas distintas; no se convierten emergencias en afiliación.",NO MODIFICAR: diferenciación suficiente.,no
seguro,PT-BR,Preparar seguro y entender asistencia/SUS,/pt/guia/seguro/,/pt/consejos/seguro-viaje/ | /pt/guia/emergencias/,A,"Title de la guía: seguro, SUS y emergencias médicas; contiene criterios y acceso a asistencia con integración Assist Card diferenciada. Consejos: por qué viajar protegido y guardar documentación. Emergencias: números y pasos inmediatos ante incidentes, además de robo/documentos. Hay temas compartidos, pero tareas distintas; no se convierten emergencias en afiliación.",NO MODIFICAR: diferenciación suficiente.,no
seguro,EN,Preparar seguro y entender asistencia/SUS,/en/guia/seguro/,/en/consejos/seguro-viaje/ | /en/guia/emergencias/,A,"Title de la guía: seguro, SUS y emergencias médicas; contiene criterios y acceso a asistencia con integración Assist Card diferenciada. Consejos: por qué viajar protegido y guardar documentación. Emergencias: números y pasos inmediatos ante incidentes, además de robo/documentos. Hay temas compartidos, pero tareas distintas; no se convierten emergencias en afiliación.",NO MODIFICAR: diferenciación suficiente.,no
tours,ES,Elegir tours y experiencias contratables,/experiencias/,/atracciones/ | /hoy/,A,El hub comercial presenta productos y deriva a cada landing. Atracciones presenta lugares; Hoy permite escoger ideas para el día según filtros. El catálogo no intenta sustituir todas las guías.,NO MODIFICAR: diferenciación suficiente.,no
tours,PT-BR,Elegir tours y experiencias contratables,/pt/experiencias/,/pt/atracciones/ | /pt/hoy/,A,El hub comercial presenta productos y deriva a cada landing. Atracciones presenta lugares; Hoy permite escoger ideas para el día según filtros. El catálogo no intenta sustituir todas las guías.,NO MODIFICAR: diferenciación suficiente.,no
tours,EN,Elegir tours y experiencias contratables,/en/experiencias/,/en/atracciones/ | /en/hoy/,A,El hub comercial presenta productos y deriva a cada landing. Atracciones presenta lugares; Hoy permite escoger ideas para el día según filtros. El catálogo no intenta sustituir todas las guías.,NO MODIFICAR: diferenciación suficiente.,no
transfer,ES,Cotizar traslado privado,/transportes/transporte-privado/,/guia/aeropuertos/,A,"Transfer y transportes:transporte-privado representan una misma URL, no dos competidoras. La landing consulta itinerario/pasajeros/equipaje por WhatsApp. Aeropuertos orienta GIG/SDU y compara modalidades; deriva explícitamente al servicio privado.",NO MODIFICAR: diferenciación suficiente.,no
transfer,PT-BR,Cotizar traslado privado,/pt/transportes/transporte-privado/,/pt/guia/aeropuertos/,A,"Transfer y transportes:transporte-privado representan una misma URL, no dos competidoras. La landing consulta itinerario/pasajeros/equipaje por WhatsApp. Aeropuertos orienta GIG/SDU y compara modalidades; deriva explícitamente al servicio privado.",NO MODIFICAR: diferenciación suficiente.,no
transfer,EN,Cotizar traslado privado,/en/transportes/transporte-privado/,/en/guia/aeropuertos/,A,"Transfer y transportes:transporte-privado representan una misma URL, no dos competidoras. La landing consulta itinerario/pasajeros/equipaje por WhatsApp. Aeropuertos orienta GIG/SDU y compara modalidades; deriva explícitamente al servicio privado.",NO MODIFICAR: diferenciación suficiente.,no
transportes:alquiler-vehiculo,ES,Alquilar/comparar auto y preparar su uso,/transportes/alquiler-vehiculo/,/guia/alquiler-auto/ | /transportes/ | /guia/aeropuertos/,D,"Ambas fichas especializadas responden cuándo conviene alquilar y repiten documentos, caución, seguros, peajes, combustible y devolución; ambas tienen Rentcars 11142. Transportes enlaza a la guía como preparación, pero la guía también compara alquiler. PLAN_SEO las llama candidatas a revisar contenido/impresiones y KEYWORD_URL_MAP mantiene Transportes; no establece una ganadora frente a la guía actual del Bloque 4. Cambiar un title no resolvería el solapamiento del cuerpo. Hub Transportes y Aeropuertos sí tienen tareas distintas.",NO MODIFICAR: comparar consultas/páginas en Search Console; no hay propietaria genérica demostrada.,no
transportes:alquiler-vehiculo,PT-BR,Alquilar/comparar auto y preparar su uso,/pt/transportes/alquiler-vehiculo/,/pt/guia/alquiler-auto/ | /pt/transportes/ | /pt/guia/aeropuertos/,D,"Ambas fichas especializadas responden cuándo conviene alquilar y repiten documentos, caución, seguros, peajes, combustible y devolución; ambas tienen Rentcars 11142. Transportes enlaza a la guía como preparación, pero la guía también compara alquiler. PLAN_SEO las llama candidatas a revisar contenido/impresiones y KEYWORD_URL_MAP mantiene Transportes; no establece una ganadora frente a la guía actual del Bloque 4. Cambiar un title no resolvería el solapamiento del cuerpo. Hub Transportes y Aeropuertos sí tienen tareas distintas.",NO MODIFICAR: comparar consultas/páginas en Search Console; no hay propietaria genérica demostrada.,no
transportes:alquiler-vehiculo,EN,Alquilar/comparar auto y preparar su uso,/en/transportes/alquiler-vehiculo/,/en/guia/alquiler-auto/ | /en/transportes/ | /en/guia/aeropuertos/,D,"Ambas fichas especializadas responden cuándo conviene alquilar y repiten documentos, caución, seguros, peajes, combustible y devolución; ambas tienen Rentcars 11142. Transportes enlaza a la guía como preparación, pero la guía también compara alquiler. PLAN_SEO las llama candidatas a revisar contenido/impresiones y KEYWORD_URL_MAP mantiene Transportes; no establece una ganadora frente a la guía actual del Bloque 4. Cambiar un title no resolvería el solapamiento del cuerpo. Hub Transportes y Aeropuertos sí tienen tareas distintas.",NO MODIFICAR: comparar consultas/páginas en Search Console; no hay propietaria genérica demostrada.,no
transportes:transporte-privado,ES,Cotizar traslado privado,/transportes/transporte-privado/,/guia/aeropuertos/,A,"Transfer y transportes:transporte-privado representan una misma URL, no dos competidoras. La landing consulta itinerario/pasajeros/equipaje por WhatsApp. Aeropuertos orienta GIG/SDU y compara modalidades; deriva explícitamente al servicio privado.",NO MODIFICAR: diferenciación suficiente.,no
transportes:transporte-privado,PT-BR,Cotizar traslado privado,/pt/transportes/transporte-privado/,/pt/guia/aeropuertos/,A,"Transfer y transportes:transporte-privado representan una misma URL, no dos competidoras. La landing consulta itinerario/pasajeros/equipaje por WhatsApp. Aeropuertos orienta GIG/SDU y compara modalidades; deriva explícitamente al servicio privado.",NO MODIFICAR: diferenciación suficiente.,no
transportes:transporte-privado,EN,Cotizar traslado privado,/en/transportes/transporte-privado/,/en/guia/aeropuertos/,A,"Transfer y transportes:transporte-privado representan una misma URL, no dos competidoras. La landing consulta itinerario/pasajeros/equipaje por WhatsApp. Aeropuertos orienta GIG/SDU y compara modalidades; deriva explícitamente al servicio privado.",NO MODIFICAR: diferenciación suficiente.,no
vida-nocturna:bafo-da-prainha,ES,Elegir bafo-da-prainha para una salida nocturna,/vida-nocturna/bafo-da-prainha/,/gastronomia/bafo-da-prainha/,D,"Gastronomía incluye qué pedir, brasa/petiscos, historia y entorno del Largo; Noche propone una tarde que avanza hacia la noche, programación musical y regreso. Ambas también narran encuentro y samba en el mismo local. Sin consultas por página no se conoce si la búsqueda de marca necesita ambos enfoques.",NO MODIFICAR: comparar consultas/páginas en Search Console; no hay propietaria genérica demostrada.,no
vida-nocturna:bafo-da-prainha,PT-BR,Elegir bafo-da-prainha para una salida nocturna,/pt/vida-nocturna/bafo-da-prainha/,/pt/gastronomia/bafo-da-prainha/,D,"Gastronomía incluye qué pedir, brasa/petiscos, historia y entorno del Largo; Noche propone una tarde que avanza hacia la noche, programación musical y regreso. Ambas también narran encuentro y samba en el mismo local. Sin consultas por página no se conoce si la búsqueda de marca necesita ambos enfoques.",NO MODIFICAR: comparar consultas/páginas en Search Console; no hay propietaria genérica demostrada.,no
vida-nocturna:bafo-da-prainha,EN,Elegir bafo-da-prainha para una salida nocturna,/en/vida-nocturna/bafo-da-prainha/,/en/gastronomia/bafo-da-prainha/,D,"Gastronomía incluye qué pedir, brasa/petiscos, historia y entorno del Largo; Noche propone una tarde que avanza hacia la noche, programación musical y regreso. Ambas también narran encuentro y samba en el mismo local. Sin consultas por página no se conoce si la búsqueda de marca necesita ambos enfoques.",NO MODIFICAR: comparar consultas/páginas en Search Console; no hay propietaria genérica demostrada.,no
vida-nocturna:bar-do-omar,ES,Elegir bar-do-omar para una salida nocturna,/vida-nocturna/bar-do-omar/,/gastronomia/bar-do-omar/,D,"Gastronomía desarrolla hamburguesas/petiscos, terraza y cómo combinar la comida; Noche desarrolla música, agenda, llegada y regreso al Morro do Pinto. Ambas incluyen ambiente y vista del mismo bar. No hay datos query/página que demuestren alternancia para la consulta de marca.",NO MODIFICAR: comparar consultas/páginas en Search Console; no hay propietaria genérica demostrada.,no
vida-nocturna:bar-do-omar,PT-BR,Elegir bar-do-omar para una salida nocturna,/pt/vida-nocturna/bar-do-omar/,/pt/gastronomia/bar-do-omar/,D,"Gastronomía desarrolla hamburguesas/petiscos, terraza y cómo combinar la comida; Noche desarrolla música, agenda, llegada y regreso al Morro do Pinto. Ambas incluyen ambiente y vista del mismo bar. No hay datos query/página que demuestren alternancia para la consulta de marca.",NO MODIFICAR: comparar consultas/páginas en Search Console; no hay propietaria genérica demostrada.,no
vida-nocturna:bar-do-omar,EN,Elegir bar-do-omar para una salida nocturna,/en/vida-nocturna/bar-do-omar/,/en/gastronomia/bar-do-omar/,D,"Gastronomía desarrolla hamburguesas/petiscos, terraza y cómo combinar la comida; Noche desarrolla música, agenda, llegada y regreso al Morro do Pinto. Ambas incluyen ambiente y vista del mismo bar. No hay datos query/página que demuestren alternancia para la consulta de marca.",NO MODIFICAR: comparar consultas/páginas en Search Console; no hay propietaria genérica demostrada.,no
vida-nocturna:boa-praca-ipanema,ES,Elegir boa-praca-ipanema para una salida nocturna,/vida-nocturna/boa-praca-ipanema/,/gastronomia/boa-praca-ipanema/,D,"Gastronomía explica rondas de petiscos/chope, carta y momentos del día; Noche también detalla comida/feijoada, mesas y programación de la misma unidad en Vieira Souto 110. Comparten parte de la tarea, aunque la agenda diferencia el enfoque. Hace falta observar consultas genéricas y de música/menú.",NO MODIFICAR: comparar consultas/páginas en Search Console; no hay propietaria genérica demostrada.,no
vida-nocturna:boa-praca-ipanema,PT-BR,Elegir boa-praca-ipanema para una salida nocturna,/pt/vida-nocturna/boa-praca-ipanema/,/pt/gastronomia/boa-praca-ipanema/,D,"Gastronomía explica rondas de petiscos/chope, carta y momentos del día; Noche también detalla comida/feijoada, mesas y programación de la misma unidad en Vieira Souto 110. Comparten parte de la tarea, aunque la agenda diferencia el enfoque. Hace falta observar consultas genéricas y de música/menú.",NO MODIFICAR: comparar consultas/páginas en Search Console; no hay propietaria genérica demostrada.,no
vida-nocturna:boa-praca-ipanema,EN,Elegir boa-praca-ipanema para una salida nocturna,/en/vida-nocturna/boa-praca-ipanema/,/en/gastronomia/boa-praca-ipanema/,D,"Gastronomía explica rondas de petiscos/chope, carta y momentos del día; Noche también detalla comida/feijoada, mesas y programación de la misma unidad en Vieira Souto 110. Comparten parte de la tarea, aunque la agenda diferencia el enfoque. Hace falta observar consultas genéricas y de música/menú.",NO MODIFICAR: comparar consultas/páginas en Search Console; no hay propietaria genérica demostrada.,no
vida-nocturna:coisas-de-bamba,ES,Elegir coisas-de-bamba para una salida nocturna,/vida-nocturna/coisas-de-bamba/,/gastronomia/coisas-de-bamba/,D,"Gastronomía describe quiosque, petiscos y visita según hora; Noche presenta samba/MPB y programación en Posto 4. Las dos incorporan música y comida. La entidad común y los horarios no bastan para decidir cuál debe captar la consulta genérica.",NO MODIFICAR: comparar consultas/páginas en Search Console; no hay propietaria genérica demostrada.,no
vida-nocturna:coisas-de-bamba,PT-BR,Elegir coisas-de-bamba para una salida nocturna,/pt/vida-nocturna/coisas-de-bamba/,/pt/gastronomia/coisas-de-bamba/,D,"Gastronomía describe quiosque, petiscos y visita según hora; Noche presenta samba/MPB y programación en Posto 4. Las dos incorporan música y comida. La entidad común y los horarios no bastan para decidir cuál debe captar la consulta genérica.",NO MODIFICAR: comparar consultas/páginas en Search Console; no hay propietaria genérica demostrada.,no
vida-nocturna:coisas-de-bamba,EN,Elegir coisas-de-bamba para una salida nocturna,/en/vida-nocturna/coisas-de-bamba/,/en/gastronomia/coisas-de-bamba/,D,"Gastronomía describe quiosque, petiscos y visita según hora; Noche presenta samba/MPB y programación en Posto 4. Las dos incorporan música y comida. La entidad común y los horarios no bastan para decidir cuál debe captar la consulta genérica.",NO MODIFICAR: comparar consultas/páginas en Search Console; no hay propietaria genérica demostrada.,no
vida-nocturna:fogo-de-chao-botafogo,ES,Elegir fogo-de-chao-botafogo para una salida nocturna,/vida-nocturna/fogo-de-chao-botafogo/,/gastronomia/fogo-de-chao-botafogo/,A,"Gastronomía se centra en rodízio, cortes, Market Table y ritmo de comida. Noche explicita el bar como aperitivo/copa antes de seguir, sin presentarlo como discoteca. Restaurante y parada de bebidas son tareas distintas.",NO MODIFICAR: diferenciación suficiente.,no
vida-nocturna:fogo-de-chao-botafogo,PT-BR,Elegir fogo-de-chao-botafogo para una salida nocturna,/pt/vida-nocturna/fogo-de-chao-botafogo/,/pt/gastronomia/fogo-de-chao-botafogo/,A,"Gastronomía se centra en rodízio, cortes, Market Table y ritmo de comida. Noche explicita el bar como aperitivo/copa antes de seguir, sin presentarlo como discoteca. Restaurante y parada de bebidas son tareas distintas.",NO MODIFICAR: diferenciación suficiente.,no
vida-nocturna:fogo-de-chao-botafogo,EN,Elegir fogo-de-chao-botafogo para una salida nocturna,/en/vida-nocturna/fogo-de-chao-botafogo/,/en/gastronomia/fogo-de-chao-botafogo/,A,"Gastronomía se centra en rodízio, cortes, Market Table y ritmo de comida. Noche explicita el bar como aperitivo/copa antes de seguir, sin presentarlo como discoteca. Restaurante y parada de bebidas son tareas distintas.",NO MODIFICAR: diferenciación suficiente.,no
vida-nocturna:quartinho,ES,Elegir quartinho para una salida nocturna,/vida-nocturna/quartinho/,/gastronomia/quartinho/,D,"Gastronomía se presenta como «bar pequeño, coctelería y una noche de Botafogo» y aclara que no es cena convencional; Noche también describe bar íntimo, carta de comidas/tragos, llegada temprana y aforo. Hay solapamiento editorial fuerte. El mapa conserva las dos fichas con KEEP y no asigna ganadora genérica; no hay medición para decidir propiedad sin forzar un restaurante inexistente.",NO MODIFICAR: comparar consultas/páginas en Search Console; no hay propietaria genérica demostrada.,no
vida-nocturna:quartinho,PT-BR,Elegir quartinho para una salida nocturna,/pt/vida-nocturna/quartinho/,/pt/gastronomia/quartinho/,D,"Gastronomía se presenta como «bar pequeño, coctelería y una noche de Botafogo» y aclara que no es cena convencional; Noche también describe bar íntimo, carta de comidas/tragos, llegada temprana y aforo. Hay solapamiento editorial fuerte. El mapa conserva las dos fichas con KEEP y no asigna ganadora genérica; no hay medición para decidir propiedad sin forzar un restaurante inexistente.",NO MODIFICAR: comparar consultas/páginas en Search Console; no hay propietaria genérica demostrada.,no
vida-nocturna:quartinho,EN,Elegir quartinho para una salida nocturna,/en/vida-nocturna/quartinho/,/en/gastronomia/quartinho/,D,"Gastronomía se presenta como «bar pequeño, coctelería y una noche de Botafogo» y aclara que no es cena convencional; Noche también describe bar íntimo, carta de comidas/tragos, llegada temprana y aforo. Hay solapamiento editorial fuerte. El mapa conserva las dos fichas con KEEP y no asigna ganadora genérica; no hay medición para decidir propiedad sin forzar un restaurante inexistente.",NO MODIFICAR: comparar consultas/páginas en Search Console; no hay propietaria genérica demostrada.,no
complemento:cristo,ES,Visita independiente frente a dos productos,/atracciones/cristo-redentor/,/experiencias/cristo-city-tour/ | /experiencias/full-day-rio/,A,Cristo informativo orienta horarios/acceso y visita propia. City Tour introduce medio día y enlaza explícitamente a Full Day para sumar Pan de Azúcar en jornada completa y a la atracción para ir por cuenta propia. Full Day identifica el recorrido completo. Las menciones de Cristo no anulan esas diferencias.,NO MODIFICAR: diferenciación suficiente.,no
complemento:cristo,PT-BR,Visita independiente frente a dos productos,/pt/atracciones/cristo-redentor/,/pt/experiencias/cristo-city-tour/ | /pt/experiencias/full-day-rio/,A,Cristo informativo orienta horarios/acceso y visita propia. City Tour introduce medio día y enlaza explícitamente a Full Day para sumar Pan de Azúcar en jornada completa y a la atracción para ir por cuenta propia. Full Day identifica el recorrido completo. Las menciones de Cristo no anulan esas diferencias.,NO MODIFICAR: diferenciación suficiente.,no
complemento:cristo,EN,Visita independiente frente a dos productos,/en/atracciones/cristo-redentor/,/en/experiencias/cristo-city-tour/ | /en/experiencias/full-day-rio/,A,Cristo informativo orienta horarios/acceso y visita propia. City Tour introduce medio día y enlaza explícitamente a Full Day para sumar Pan de Azúcar en jornada completa y a la atracción para ir por cuenta propia. Full Day identifica el recorrido completo. Las menciones de Cristo no anulan esas diferencias.,NO MODIFICAR: diferenciación suficiente.,no
complemento:maracana-familia,ES,Elegir tour del estadio en contexto familiar,/familia/maracana-tour/,/experiencias/maracana-experience/,D,"La ruta Familia tiene H1 general «Río en familia» y selector de actividades, pero el bloque seleccionado también ofrece servicio compartido/privado, valores a consultar y CTA RESERVAR CON ERNESTINHO. El contexto familiar y los enlaces hacia visita/partido diferencian navegación, pero no demuestran por sí solos una intención de búsqueda distinta de contratar el tour. Observar antes de tocar contenido aprobado.",NO MODIFICAR: comparar consultas/páginas en Search Console.,no
complemento:maracana-familia,PT-BR,Elegir tour del estadio en contexto familiar,/pt/familia/maracana-tour/,/pt/experiencias/maracana-experience/,D,"La ruta Familia tiene H1 general «Río en familia» y selector de actividades, pero el bloque seleccionado también ofrece servicio compartido/privado, valores a consultar y CTA RESERVAR CON ERNESTINHO. El contexto familiar y los enlaces hacia visita/partido diferencian navegación, pero no demuestran por sí solos una intención de búsqueda distinta de contratar el tour. Observar antes de tocar contenido aprobado.",NO MODIFICAR: comparar consultas/páginas en Search Console.,no
complemento:maracana-familia,EN,Elegir tour del estadio en contexto familiar,/en/familia/maracana-tour/,/en/experiencias/maracana-experience/,D,"La ruta Familia tiene H1 general «Río en familia» y selector de actividades, pero el bloque seleccionado también ofrece servicio compartido/privado, valores a consultar y CTA RESERVAR CON ERNESTINHO. El contexto familiar y los enlaces hacia visita/partido diferencian navegación, pero no demuestran por sí solos una intención de búsqueda distinta de contratar el tour. Observar antes de tocar contenido aprobado.",NO MODIFICAR: comparar consultas/páginas en Search Console.,no
complemento:aventura,ES,Contratar parapente específico en Niterói,/experiencias/vuelo-en-parapente/,/experiencias/ala-delta/ | /playas/sao-conrado/ | /barrios/sao-conrado/,A,"La landing ubica el producto en Parque da Cidade, Niterói, con octubre 2026, R$299 efectivo/PIX y R$399 tarjeta. Ala Delta conserva su estado condicionado. São Conrado describe playa/barrio: el enlace comercial presenta parapente como alternativa en Niterói. Las menciones generales a deportes de vuelo en la playa no trasladan el producto Ernestinho a São Conrado.",NO MODIFICAR: diferenciación suficiente.,no
complemento:aventura,PT-BR,Contratar parapente específico en Niterói,/pt/experiencias/vuelo-en-parapente/,/pt/experiencias/ala-delta/ | /pt/playas/sao-conrado/ | /pt/barrios/sao-conrado/,A,"La landing ubica el producto en Parque da Cidade, Niterói, con octubre 2026, R$299 efectivo/PIX y R$399 tarjeta. Ala Delta conserva su estado condicionado. São Conrado describe playa/barrio: el enlace comercial presenta parapente como alternativa en Niterói. Las menciones generales a deportes de vuelo en la playa no trasladan el producto Ernestinho a São Conrado.",NO MODIFICAR: diferenciación suficiente.,no
complemento:aventura,EN,Contratar parapente específico en Niterói,/en/experiencias/vuelo-en-parapente/,/en/experiencias/ala-delta/ | /en/playas/sao-conrado/ | /en/barrios/sao-conrado/,A,"La landing ubica el producto en Parque da Cidade, Niterói, con octubre 2026, R$299 efectivo/PIX y R$399 tarjeta. Ala Delta conserva su estado condicionado. São Conrado describe playa/barrio: el enlace comercial presenta parapente como alternativa en Niterói. Las menciones generales a deportes de vuelo en la playa no trasladan el producto Ernestinho a São Conrado.",NO MODIFICAR: diferenciación suficiente.,no
complemento:internet,ES,"Preparar conectividad: roaming, chip, eSIM y Airalo",/guia/internet/,,A,"KEYWORD_URL_MAP asigna eSIM/chip a esta misma guía. Title/H1 y contenido reúnen roaming, SIM/eSIM, compatibilidad y preparación. No hay una segunda propietaria identificada en las fuentes autorizadas para esos sinónimos. Se conserva la integración Airalo y no se inventan nuevas URLs.",NO MODIFICAR: diferenciación suficiente.,no
complemento:internet,PT-BR,"Preparar conectividad: roaming, chip, eSIM y Airalo",/pt/guia/internet/,,A,"KEYWORD_URL_MAP asigna eSIM/chip a esta misma guía. Title/H1 y contenido reúnen roaming, SIM/eSIM, compatibilidad y preparación. No hay una segunda propietaria identificada en las fuentes autorizadas para esos sinónimos. Se conserva la integración Airalo y no se inventan nuevas URLs.",NO MODIFICAR: diferenciación suficiente.,no
complemento:internet,EN,"Preparar conectividad: roaming, chip, eSIM y Airalo",/en/guia/internet/,,A,"KEYWORD_URL_MAP asigna eSIM/chip a esta misma guía. Title/H1 y contenido reúnen roaming, SIM/eSIM, compatibilidad y preparación. No hay una segunda propietaria identificada en las fuentes autorizadas para esos sinónimos. Se conserva la integración Airalo y no se inventan nuevas URLs.",NO MODIFICAR: diferenciación suficiente.,no
complemento:barrios-playas,ES,Comprender barrio frente a visitar su playa,/barrios/copacabana/,/playas/copacabana/ | /barrios/sao-conrado/ | /playas/sao-conrado/,A,"Barrios trata ubicación, entorno y combinaciones; Playas tiene H1 de playa y guía de orla/visita. São Conrado se contrasta además con sus productos de aventura. No se extiende la revisión a todos los barrios o playas ni se elimina contenido por mencionar atracciones.",NO MODIFICAR: diferenciación suficiente.,no
complemento:barrios-playas,PT-BR,Comprender barrio frente a visitar su playa,/pt/barrios/copacabana/,/pt/playas/copacabana/ | /pt/barrios/sao-conrado/ | /pt/playas/sao-conrado/,A,"Barrios trata ubicación, entorno y combinaciones; Playas tiene H1 de playa y guía de orla/visita. São Conrado se contrasta además con sus productos de aventura. No se extiende la revisión a todos los barrios o playas ni se elimina contenido por mencionar atracciones.",NO MODIFICAR: diferenciación suficiente.,no
complemento:barrios-playas,EN,Comprender barrio frente a visitar su playa,/en/barrios/copacabana/,/en/playas/copacabana/ | /en/barrios/sao-conrado/ | /en/playas/sao-conrado/,A,"Barrios trata ubicación, entorno y combinaciones; Playas tiene H1 de playa y guía de orla/visita. São Conrado se contrasta además con sus productos de aventura. No se extiende la revisión a todos los barrios o playas ni se elimina contenido por mencionar atracciones.",NO MODIFICAR: diferenciación suficiente.,no
complemento:ferias,ES,Anomalía del alias histórico; no duplicado de contenido demostrado,/compras/feira-nocturna-copacabana/,/compras/feira-noturna-copacabana/,E,"Nocturna tiene title Feria Nocturna, entidad Feira Noturna Turística, canteiro central y canal @fntc.oficial. Noturna tiene title/H1 Feirarte del Calçadão, identificación Feirarte VI y contenido recuperado. Son contenidos diferentes con canonical propio. Sin embargo el redirect histórico feria-nocturna-copacabana.html apunta a noturna/Feirarte y el manifiesto histórico nombra ese archivo Feria Nocturna. La discrepancia alias/nombre/destino está comprobada; la identidad real de las dos ferias no se unifica por suposición.",NO EJECUTAR cambio de redirect/canonical: confirmar identidad/destino legado y solicitar autorización concreta.,no
complemento:ferias,PT-BR,Anomalía del alias histórico; no duplicado de contenido demostrado,/pt/compras/feira-nocturna-copacabana/,/pt/compras/feira-noturna-copacabana/,E,"Nocturna tiene title Feria Nocturna, entidad Feira Noturna Turística, canteiro central y canal @fntc.oficial. Noturna tiene title/H1 Feirarte del Calçadão, identificación Feirarte VI y contenido recuperado. Son contenidos diferentes con canonical propio. Sin embargo el redirect histórico feria-nocturna-copacabana.html apunta a noturna/Feirarte y el manifiesto histórico nombra ese archivo Feria Nocturna. La discrepancia alias/nombre/destino está comprobada; la identidad real de las dos ferias no se unifica por suposición.",NO EJECUTAR cambio de redirect/canonical: confirmar identidad/destino legado y solicitar autorización concreta.,no
complemento:ferias,EN,Anomalía del alias histórico; no duplicado de contenido demostrado,/en/compras/feira-nocturna-copacabana/,/en/compras/feira-noturna-copacabana/,E,"Nocturna tiene title Feria Nocturna, entidad Feira Noturna Turística, canteiro central y canal @fntc.oficial. Noturna tiene title/H1 Feirarte del Calçadão, identificación Feirarte VI y contenido recuperado. Son contenidos diferentes con canonical propio. Sin embargo el redirect histórico feria-nocturna-copacabana.html apunta a noturna/Feirarte y el manifiesto histórico nombra ese archivo Feria Nocturna. La discrepancia alias/nombre/destino está comprobada; la identidad real de las dos ferias no se unifica por suposición.",NO EJECUTAR cambio de redirect/canonical: confirmar identidad/destino legado y solicitar autorización concreta.,no
