ruta_hostinger,motivo_o_destino,estado
BUZIOS/BUCEO BATISMO/BUCEO BATISMO (3).jpg,sin referencia exacta,aplazado por indicación del propietario: fase de Experiencias
BUZIOS/BUCEO BATISMO/BUCEO BATISMO (11).jpg,sin referencia exacta,aplazado por indicación del propietario: fase de Experiencias
BUZIOS/BUCEO BATISMO/BUCEO BATISMO (5).jpg,sin referencia exacta,aplazado por indicación del propietario: fase de Experiencias
BUZIOS/BUCEO BATISMO/BUCEO BATISMO (1).jpg,sin referencia exacta,aplazado por indicación del propietario: fase de Experiencias
BUZIOS/BUCEO BATISMO/BUCEO BATISMO (6).jpg,sin referencia exacta,aplazado por indicación del propietario: fase de Experiencias
BUZIOS/BUCEO BATISMO/BUCEO BATISMO (10).jpg,sin referencia exacta,aplazado por indicación del propietario: fase de Experiencias
BUZIOS/BUCEO BATISMO/BUCEO BATISMO (7).jpg,sin referencia exacta,aplazado por indicación del propietario: fase de Experiencias
BUZIOS/BUCEO BATISMO/BUCEO BATISMO (9).jpg,sin referencia exacta,aplazado por indicación del propietario: fase de Experiencias
BUZIOS/BUCEO BATISMO/BUCEO BATISMO (4).jpg,sin referencia exacta,aplazado por indicación del propietario: fase de Experiencias
BUZIOS/BUCEO BATISMO/BUCEO BATISMO (8).jpg,sin referencia exacta,aplazado por indicación del propietario: fase de Experiencias
BUZIOS/BUCEO BATISMO/BUCEO BATISMO (2).jpg,sin referencia exacta,aplazado por indicación del propietario: fase de Experiencias
restaurantes/fdba8d85-8575-4a49-85c8-f5f589dbe284.jpg,sin referencia exacta,destino no confirmado
videos tv/tv_04.jpg,sin referencia exacta,aplazado por indicación del propietario: videos TV
videos tv/tv_08.jpg,sin referencia exacta,aplazado por indicación del propietario: videos TV
videos tv/tv_01.jpg,sin referencia exacta,aplazado por indicación del propietario: videos TV
videos tv/tv_11.jpg,sin referencia exacta,aplazado por indicación del propietario: videos TV
videos tv/tv_07.jpg,sin referencia exacta,aplazado por indicación del propietario: videos TV
videos tv/tv_02.jpg,sin referencia exacta,aplazado por indicación del propietario: videos TV
videos tv/tn fin de año.jpg,sin referencia exacta,aplazado por indicación del propietario: videos TV
videos tv/tv_10.jpg,sin referencia exacta,aplazado por indicación del propietario: videos TV
videos tv/tv_05.jpg,sin referencia exacta,aplazado por indicación del propietario: videos TV
videos tv/2026-04-08 151806.jpg,sin referencia exacta,aplazado por indicación del propietario: videos TV
videos tv/tv_09.jpg,sin referencia exacta,aplazado por indicación del propietario: videos TV
BARRIOS/penedo/IMG_1143(1).jpg,sin referencia exacta,fuera por indicación del propietario: Penedo
BARRIOS/penedo/IMG_1149(1).jpg,sin referencia exacta,fuera por indicación del propietario: Penedo
BARRIOS/penedo/IMG_1144(1).jpg,sin referencia exacta,fuera por indicación del propietario: Penedo
BARRIOS/penedo/IMG_1151(1).jpg,sin referencia exacta,fuera por indicación del propietario: Penedo
BARRIOS/penedo/IMG_1109(1).jpg,sin referencia exacta,fuera por indicación del propietario: Penedo
BARRIOS/penedo/IMG_1115(1).jpg,sin referencia exacta,fuera por indicación del propietario: Penedo
BARRIOS/penedo/IMG_1150(1).jpg,sin referencia exacta,fuera por indicación del propietario: Penedo
EXPERIENCIAS/PORTADA EXPERIENCIA BUZIOS.jpg,sin referencia exacta,pendiente: confirmar destino dentro de Búzios; página congelada
HOSPEDAJE/casa goia/casa goia (1).jpeg,/hospedaje/goia,referencia inválida por diferencia de mayúsculas/minúsculas; Mayúsculas/minúsculas diferentes en la ruta directa de la página congelada.
HOSPEDAJE/casa goia/casa goia portada.png,/hospedaje/goia,referencia inválida por diferencia de mayúsculas/minúsculas; Mayúsculas/minúsculas diferentes en las rutas directas de las páginas congeladas /hospedaje/goia y /hospedaje/.
transportes/ALQUILER AUTO/banner rent cars.png,/transportes/alquiler-vehiculo,referencia inválida por diferencia de mayúsculas/minúsculas; Mayúsculas/minúsculas diferentes en la ruta directa de la página congelada.
