Carpeta,Archivo,Página correspondiente,Uso actual,Posición actual,Problema detectado,Acción propuesta,Estado de verificación,Peso (bytes),Formato
FOTOS/HOME/FAMILIA/FAMILIA lagoa,FAMILIA LAGOA (4).jpg,Lagoa Rodrigo de Freitas,Lagoa Rodrigo de Freitas: Interior 2,Interior 2,Imagen referenciada; inspección visual individual pendiente,Validar en escritorio/móvil; integrar solo si aporta contexto,PENDIENTE DE VERIFICACIÓN,351546,JPG
FOTOS/HOME/FAMILIA/FAMILIA lagoa,FAMILIA LAGOA (2).jpg,Lagoa Rodrigo de Freitas,Lagoa Rodrigo de Freitas: Interior 1,Interior 1,Imagen referenciada; inspección visual individual pendiente,Validar en escritorio/móvil; integrar solo si aporta contexto,PENDIENTE DE VERIFICACIÓN,185865,JPG
FOTOS/HOME/FAMILIA/FAMILIA lagoa,FAMILIA LAGOA (6).jpg,Lagoa Rodrigo de Freitas,Interior añadido en galería dinámica,Después de la foto de bicicletas,Integrada en preview tras el párrafo de paseo; recorte móvil pendiente.,Incluida en galería existente; validar punto focal móvil.,CORRECTA,691462,JPG
FOTOS/HOME/FAMILIA/FAMILIA lagoa,FAMILIA LAGOA (1).jpg,Lagoa Rodrigo de Freitas,Lagoa Rodrigo de Freitas: Portada,Portada,Imagen referenciada; inspección visual individual pendiente,Validar en escritorio/móvil; integrar solo si aporta contexto,PENDIENTE DE VERIFICACIÓN,199884,JPG
FOTOS/HOME/FAMILIA/FAMILIA lagoa,FAMILIA LAGOA (5).jpg,Lagoa Rodrigo de Freitas,Interior añadido en galería dinámica,Después del párrafo de paseo,Foto de carritos/bicicletas integrada; recorte móvil pendiente.,Incluida en galería existente; validar punto focal móvil.,CORRECTA,459203,JPG
FOTOS/HOME/FAMILIA/FAMILIA meta kart,metakart4.jpg,Meta Kart Indoor,Interior añadido en galería dinámica,Después del párrafo de instrucciones,Foto del grupo con trajes integrada en preview.,Incluida en galería existente; validar punto focal móvil.,CORRECTA,447484,JPG
FOTOS/HOME/FAMILIA/FAMILIA meta kart,metakart1.jpg,Meta Kart Indoor,Meta Kart Indoor: Portada,Portada,Imagen referenciada; inspección visual individual pendiente,Validar en escritorio/móvil; integrar solo si aporta contexto,PENDIENTE DE VERIFICACIÓN,196520,JPG
FOTOS/HOME/FAMILIA/FAMILIA meta kart,metakart3.jpg,Meta Kart Indoor,Meta Kart Indoor: Interior 2,Interior 2,Imagen referenciada; inspección visual individual pendiente,Validar en escritorio/móvil; integrar solo si aporta contexto,PENDIENTE DE VERIFICACIÓN,381173,JPG
FOTOS/HOME/FAMILIA/FAMILIA meta kart,meta kart2.jpg,Meta Kart Indoor,Meta Kart Indoor: Interior 1,Interior 1,Imagen referenciada; inspección visual individual pendiente,Validar en escritorio/móvil; integrar solo si aporta contexto,PENDIENTE DE VERIFICACIÓN,287315,JPG
FOTOS/HOME/FAMILIA,MINIATURA FAMILIA ernes burle marx.png,Sítio Roberto Burle Marx,Inicio Familia: Tarjeta 20,Tarjeta 20,"Miniatura visible; carga, correspondencia y recorte correctos en escritorio",Conservar original y revisar viewport móvil; optimizar entrega por tamaño,CORRECTA (escritorio),2962159,PNG
FOTOS/HOME/FAMILIA,MINIATURA FAMILIA ernes yup star.png,Yup Star,Inicio Familia: Tarjeta 4,Tarjeta 4,"Miniatura visible; carga, correspondencia y recorte correctos en escritorio",Conservar original y revisar viewport móvil; optimizar entrega por tamaño,CORRECTA (escritorio),2830539,PNG
FOTOS/HOME/FAMILIA/FAMILIA bosque da barra,bosque-da-barra 1.jpg,Bosque da Barra,Bosque da Barra: Portada,Portada,Portada panorámica carga y conserva el paisaje en escritorio,Conservar; comprobar móvil,CORRECTA (escritorio),57428,JPG
FOTOS/HOME/FAMILIA/FAMILIA bosque da barra,IMG_20230305_160052535.jpg,Bosque da Barra,Bosque da Barra: Interior 1,Interior 1,Imagen referenciada; inspección visual individual pendiente,Validar en escritorio/móvil; integrar solo si aporta contexto,PENDIENTE DE VERIFICACIÓN,4569964,JPG
FOTOS/HOME/FAMILIA/FAMILIA bosque da barra,IMG_20230305_160135338_HDR(1).jpg,Bosque da Barra,Interior añadido; reemplaza selfie repetida,"Galería actual, posición 2",Capibaras con Ernestinho visibles en la galería; reemplaza una selfie repetida.,Conservar la sustitución. La verificación de viewport móvil queda indicada en el plan de encuadres.,CORRECTA,1952863,JPG
FOTOS/HOME/FAMILIA/FAMILIA bosque da barra,IMG_20230305_160207100_HDR(1).jpg,Bosque da Barra,Sin uso en el renderizado: selfie repetida reemplazada por la imagen de capibaras,Interior 2,Imagen similar a otra selfie del mismo estanque; retirada de la galería para evitar duplicación.,Conservar contabilizada y dejar sin uso.,DUPLICADA,1631586,JPG
FOTOS/HOME/FAMILIA/FAMILIA bosque da barra,IMG_20230305_160458029(1).jpg,Bosque da Barra,Sin uso en HTML,No aparece,La foto existe pero está muy sobreexpuesta; no se recomienda integrar.,La foto existe pero está muy sobreexpuesta; no se recomienda integrar.,PENDIENTE DE VERIFICACIÓN,5740299,JPG
FOTOS/HOME/FAMILIA/FAMILIA bosque da barra,IMG_20230305_160226216(3).jpg,Bosque da Barra,Interior añadido en galería dinámica,Después de «Qué vas a vivir aquí»,Primer plano de jacaré; foto pertinente y distinta.,Integrada en preview; revisar recorte móvil.,CORRECTA,1953861,JPG
FOTOS/HOME/FAMILIA/FAMILIA bosque da barra,bosquedabarra06.jpg,Bosque da Barra,Sin uso en HTML,No aparece,Foto vertical oscura del acceso; no mejora la cobertura editorial actual.,Foto vertical oscura del acceso; no mejora la cobertura editorial actual.,PENDIENTE DE VERIFICACIÓN,379987,JPG
FOTOS/HOME/FAMILIA/FAMILIA bosque da barra,bosque-da-barra4.png,Bosque da Barra,Sin uso en HTML,No aparece,"Cartel pequeño con texto de protección de fauna; conservar contabilizado, no usar como foto de galería.","Cartel pequeño con texto de protección de fauna; conservar contabilizado, no usar como foto de galería.",PENDIENTE DE VERIFICACIÓN,843762,PNG
FOTOS/HOME/FAMILIA,MINIATURA FAMILIA ernes bosque da barra.png,Bosque da Barra,Inicio Familia: Tarjeta 11,Tarjeta 11,"Miniatura visible; carga, correspondencia y recorte correctos en escritorio",Conservar original y revisar viewport móvil; optimizar entrega por tamaño,CORRECTA (escritorio),2761638,PNG
FOTOS/HOME/FAMILIA/FAMILIA CLAUDIO COUTINHO,FAMILIA CLAUDIO COUTINHO (2).jpg,Pista Cláudio Coutinho,Pista Cláudio Coutinho: Interior 1,Interior 1,Imagen referenciada; inspección visual individual pendiente,Validar en escritorio/móvil; integrar solo si aporta contexto,PENDIENTE DE VERIFICACIÓN,777416,JPG
FOTOS/HOME/FAMILIA/FAMILIA CLAUDIO COUTINHO,FAMILIA CLAUDIO COUTINHO (1).webp,Pista Cláudio Coutinho,Pista Cláudio Coutinho: Interior 2,Interior 2,Imagen referenciada; inspección visual individual pendiente,Validar en escritorio/móvil; integrar solo si aporta contexto,PENDIENTE DE VERIFICACIÓN,522402,WEBP
FOTOS/HOME/FAMILIA/FAMILIA CLAUDIO COUTINHO,FAMILIA CLAUDIO COUTINHO (1).jpg,Pista Cláudio Coutinho,Pista Cláudio Coutinho: Portada,Portada,Imagen referenciada; inspección visual individual pendiente,Validar en escritorio/móvil; integrar solo si aporta contexto,PENDIENTE DE VERIFICACIÓN,385206,JPG
FOTOS/HOME/FAMILIA/FAMILIA CARNAVAL EXPERIENCE FAMILIA,CARNAVAL EXPERIENCE PARA FAMILIA.heic,Carnaval Experience,Original HEIC del espacio dedicado a Zeca Pagodinho; el preview sirve el derivado JPEG,No aparece,El original HEIC no debe servirse directamente; su derivado JPEG carga y conserva el contenido confirmado por Ernesto.,Conservar el original y servir CARNAVAL EXPERIENCE PARA FAMILIA.jpg.,FORMATO INCOMPATIBLE,2334120,HEIC
FOTOS/HOME/FAMILIA/FAMILIA CARNAVAL EXPERIENCE FAMILIA,CARNAVAL EXPERIENCE PARA FAMILIA (1).jpg,Carnaval Experience,Carnaval Experience: Portada,Portada,Imagen referenciada; inspección visual individual pendiente,Validar en escritorio/móvil; integrar solo si aporta contexto,PENDIENTE DE VERIFICACIÓN,274995,JPG
FOTOS/HOME/FAMILIA/FAMILIA CARNAVAL EXPERIENCE FAMILIA,CARNAVAL EXPERIENCE PARA FAMILIA (2).jpg,Carnaval Experience,Carnaval Experience: Interior 1,Interior 1,Imagen referenciada; inspección visual individual pendiente,Validar en escritorio/móvil; integrar solo si aporta contexto,PENDIENTE DE VERIFICACIÓN,436678,JPG
FOTOS/HOME/FAMILIA/FAMILIA roda yupstar,IMG_0125(1).JPEG,Yup Star,Yup Star: Interior 2,Interior 2,Imagen referenciada; inspección visual individual pendiente,Validar en escritorio/móvil; integrar solo si aporta contexto,PENDIENTE DE VERIFICACIÓN,1369137,JPEG
FOTOS/HOME/FAMILIA/FAMILIA roda yupstar,roda 2.jpg,Yup Star,Yup Star: Interior 1,Interior 1,Imagen referenciada; inspección visual individual pendiente,Validar en escritorio/móvil; integrar solo si aporta contexto,PENDIENTE DE VERIFICACIÓN,410235,JPG
FOTOS/HOME/FAMILIA/FAMILIA roda yupstar,portada_yup_star.jpg,Yup Star,Yup Star: Portada,Portada,Imagen referenciada; inspección visual individual pendiente,Validar en escritorio/móvil; integrar solo si aporta contexto,PENDIENTE DE VERIFICACIÓN,387447,JPG
FOTOS/HOME/FAMILIA/FAMILIA burle marx,burle marx 3.jpg,Sítio Roberto Burle Marx,Sítio Roberto Burle Marx: Interior 2,Interior 2,Imagen referenciada; inspección visual individual pendiente,Validar en escritorio/móvil; integrar solo si aporta contexto,PENDIENTE DE VERIFICACIÓN,550240,JPG
FOTOS/HOME/FAMILIA/FAMILIA burle marx,burle marx 1.jpg,Sítio Roberto Burle Marx,Sítio Roberto Burle Marx: Portada,Portada,Imagen referenciada; inspección visual individual pendiente,Validar en escritorio/móvil; integrar solo si aporta contexto,PENDIENTE DE VERIFICACIÓN,308819,JPG
FOTOS/HOME/FAMILIA/FAMILIA burle marx,burle marx 2.jpg,Sítio Roberto Burle Marx,Sítio Roberto Burle Marx: Interior 1,Interior 1,Imagen referenciada; inspección visual individual pendiente,Validar en escritorio/móvil; integrar solo si aporta contexto,PENDIENTE DE VERIFICACIÓN,488983,JPG
FOTOS/HOME/FAMILIA,MINIATURA FAMILIA ernes claudio coutinho.png,Pista Cláudio Coutinho,Inicio Familia: Tarjeta 17,Tarjeta 17,"Miniatura visible; carga, correspondencia y recorte correctos en escritorio",Conservar original y revisar viewport móvil; optimizar entrega por tamaño,CORRECTA (escritorio),2690774,PNG
FOTOS/HOME/FAMILIA/FAMILIA aquario,AQUARIO (4).jpg,AquaRio,Interior añadido en galería dinámica,Después del texto del tanque oceánico,Visitantes en el túnel integrado en preview.,Integrada junto al contenido relevante; revisar recorte móvil.,CORRECTA,3056560,JPG
FOTOS/HOME/FAMILIA/FAMILIA aquario,AQUARIO (1).jpg,AquaRio,AquaRio: Portada,Portada,Imagen referenciada; inspección visual individual pendiente,Validar en escritorio/móvil; integrar solo si aporta contexto,PENDIENTE DE VERIFICACIÓN,2845127,JPG
FOTOS/HOME/FAMILIA/FAMILIA aquario,MUSEU CERA AQUARI.jpg,AquaRio,Sin uso en HTML,No aparece,Muestra una figura de cera y no tiene contexto claro de AquaRio; excluir hasta confirmar procedencia.,Muestra una figura de cera y no tiene contexto claro de AquaRio; excluir hasta confirmar procedencia.,CORRESPONDENCIA DUDOSA,1953671,JPG
FOTOS/HOME/FAMILIA/FAMILIA aquario,AQUARIO (2).jpg,AquaRio,AquaRio: Interior 1,Interior 1,Imagen referenciada; inspección visual individual pendiente,Validar en escritorio/móvil; integrar solo si aporta contexto,PENDIENTE DE VERIFICACIÓN,1405406,JPG
FOTOS/HOME/FAMILIA/FAMILIA aquario,AQUARIO (5).jpg,AquaRio,Sin uso en HTML,No aparece,"Otra selfie de Ernesto en un tanque, redundante frente a la imagen AQUARIO (3).","Otra selfie de Ernesto en un tanque, redundante frente a la imagen AQUARIO (3).",DUPLICADA,3091998,JPG
FOTOS/HOME/FAMILIA/FAMILIA aquario,AQUARIO (3).jpg,AquaRio,AquaRio: Interior 2,Interior 2,Imagen referenciada; inspección visual individual pendiente,Validar en escritorio/móvil; integrar solo si aporta contexto,PENDIENTE DE VERIFICACIÓN,2400251,JPG
FOTOS/HOME/FAMILIA,MINIATURA FAMILIA ernes ilha fiscal.png,Ilha Fiscal,Inicio Familia: Tarjeta 7,Tarjeta 7,"Miniatura visible; carga, correspondencia y recorte correctos en escritorio",Conservar original y revisar viewport móvil; optimizar entrega por tamaño,CORRECTA (escritorio),2300129,PNG
FOTOS/HOME/FAMILIA,MINIATURA FAMILIA ernes hot zone.png,HotZone BarraShopping,Inicio Familia: Tarjeta 12,Tarjeta 12,"Miniatura visible; carga, correspondencia y recorte correctos en escritorio",Conservar original y revisar viewport móvil; optimizar entrega por tamaño,CORRECTA (escritorio),2357913,PNG
FOTOS/HOME/FAMILIA/FAMILIA palacio catete,FAMILIA PALACIO CATETE (2).jpg,Jardines del Palácio do Catete,Jardines del Palácio do Catete: Interior 1 (fuente externa; sin cotejo),Interior 1,Página usa URL externa homónima; contenido binario no cotejado,Confirmar identidad y fijar fuente canónica,CORRESPONDENCIA DUDOSA,254241,JPG
FOTOS/HOME/FAMILIA/FAMILIA palacio catete,FAMILIA PALACIO CATETE (4).jpg,Jardines del Palácio do Catete,Sin uso en HTML,No aparece,Existe en su carpeta y fue revisada visualmente; no aporta una imagen distinta o clara que justifique otra inserción.,Contabilizar y dejar sin integrar; no todas las imágenes disponibles mejoran la ficha.,CORRECTA,192577,JPG
FOTOS/HOME/FAMILIA/FAMILIA palacio catete,FAMILIA PALACIO CATETE (5).jpg,Jardines del Palácio do Catete,Sin uso en HTML,No aparece,Existe en su carpeta y fue revisada visualmente; no aporta una imagen distinta o clara que justifique otra inserción.,Contabilizar y dejar sin integrar; no todas las imágenes disponibles mejoran la ficha.,CORRECTA,2775748,JPG
FOTOS/HOME/FAMILIA/FAMILIA palacio catete,FAMILIA PALACIO CATETE (1).jpg,Jardines del Palácio do Catete,Jardines del Palácio do Catete: Portada (fuente externa; sin cotejo),Portada,Página usa URL externa homónima; contenido binario no cotejado,Confirmar identidad y fijar fuente canónica,CORRESPONDENCIA DUDOSA,419866,JPG
FOTOS/HOME/FAMILIA/FAMILIA palacio catete,FAMILIA PALACIO CATETE (3).jpg,Jardines del Palácio do Catete,Jardines del Palácio do Catete: Interior 2 (fuente externa; sin cotejo),Interior 2,Página usa URL externa homónima; contenido binario no cotejado,Confirmar identidad y fijar fuente canónica,CORRESPONDENCIA DUDOSA,353253,JPG
FOTOS/HOME/FAMILIA/FAMILIA PLANETARIO,planetario4.jpeg,Planetario,Sin uso en HTML,No aparece,Existe en su carpeta y fue revisada visualmente; no aporta una imagen distinta o clara que justifique otra inserción.,Contabilizar y dejar sin integrar; no todas las imágenes disponibles mejoran la ficha.,CORRECTA,276452,JPEG
FOTOS/HOME/FAMILIA/FAMILIA PLANETARIO,planetario5.jpeg,Planetario,Sin uso en HTML,No aparece,Existe en su carpeta y fue revisada visualmente; no aporta una imagen distinta o clara que justifique otra inserción.,Contabilizar y dejar sin integrar; no todas las imágenes disponibles mejoran la ficha.,CORRECTA,296609,JPEG
FOTOS/HOME/FAMILIA/FAMILIA PLANETARIO,planetario1.jpeg,Planetario,Planetario: Portada,Portada,Imagen referenciada; inspección visual individual pendiente,Validar en escritorio/móvil; integrar solo si aporta contexto,PENDIENTE DE VERIFICACIÓN,329721,JPEG
FOTOS/HOME/FAMILIA/FAMILIA PLANETARIO,planetario2.jpeg,Planetario,Planetario: Interior 1,Interior 1,Imagen referenciada; inspección visual individual pendiente,Validar en escritorio/móvil; integrar solo si aporta contexto,PENDIENTE DE VERIFICACIÓN,234609,JPEG
FOTOS/HOME/FAMILIA/FAMILIA PLANETARIO,planetario3.jpeg,Planetario,Planetario: Interior 2,Interior 2,Imagen referenciada; inspección visual individual pendiente,Validar en escritorio/móvil; integrar solo si aporta contexto,PENDIENTE DE VERIFICACIÓN,312761,JPEG
FOTOS/HOME/FAMILIA,MINIATURA FAMILIA ernes maracana.png,Maracanã Tour,Inicio Familia: Tarjeta 5,Tarjeta 5,"Miniatura visible; carga, correspondencia y recorte correctos en escritorio",Conservar original y revisar viewport móvil; optimizar entrega por tamaño,CORRECTA (escritorio),2395498,PNG
FOTOS/HOME/FAMILIA,MINIATURA FAMILIA ernes parque lage.png,Parque Lage,Inicio Familia: Tarjeta 9,Tarjeta 9,"Miniatura visible; carga, correspondencia y recorte correctos en escritorio",Conservar original y revisar viewport móvil; optimizar entrega por tamaño,CORRECTA (escritorio),2925390,PNG
FOTOS/HOME/FAMILIA,MINIATURA FAMILIA ernes aquario.png,AquaRio,Inicio Familia: Tarjeta 2,Tarjeta 2,"Miniatura visible; carga, correspondencia y recorte correctos en escritorio",Conservar original y revisar viewport móvil; optimizar entrega por tamaño,CORRECTA (escritorio),2480024,PNG
FOTOS/HOME/FAMILIA/FAMILIA escape60 copa,ESCAPE 60 (2).jpg,Escape 60 Copacabana,Escape 60 Copacabana: Interior 1 (fuente externa; sin cotejo),Interior 1,Página usa URL externa homónima; contenido binario no cotejado,Confirmar identidad y fijar fuente canónica,CORRESPONDENCIA DUDOSA,413157,JPG
FOTOS/HOME/FAMILIA/FAMILIA escape60 copa,ESCAPE 60 (4).jpg,Escape 60 Copacabana,Sin uso en HTML,No aparece,Existe en su carpeta y fue revisada visualmente; no aporta una imagen distinta o clara que justifique otra inserción.,Contabilizar y dejar sin integrar; no todas las imágenes disponibles mejoran la ficha.,CORRECTA,221839,JPG
FOTOS/HOME/FAMILIA/FAMILIA escape60 copa,ESCAPE 60 (1).jpg,Escape 60 Copacabana,Escape 60 Copacabana: Portada (fuente externa; sin cotejo),Portada,Página usa URL externa homónima; contenido binario no cotejado,Confirmar identidad y fijar fuente canónica,CORRESPONDENCIA DUDOSA,305234,JPG
FOTOS/HOME/FAMILIA/FAMILIA escape60 copa,ESCAPE 60 (3).jpg,Escape 60 Copacabana,Escape 60 Copacabana: Interior 2 (fuente externa; sin cotejo),Interior 2,Página usa URL externa homónima; contenido binario no cotejado,Confirmar identidad y fijar fuente canónica,CORRESPONDENCIA DUDOSA,378746,JPG
FOTOS/HOME/FAMILIA,MINIATURA FAMILIA ernes feriao sao cristovao.png,Feira de São Cristóvão,Inicio Familia: Tarjeta 18,Tarjeta 18,"Miniatura visible; carga, correspondencia y recorte correctos en escritorio",Conservar original y revisar viewport móvil; optimizar entrega por tamaño,CORRECTA (escritorio),2566571,PNG
FOTOS/HOME/FAMILIA/FAMILIA FERIA SAO CRISTOVAO,FAMILIA FERIA SAO CRISTOVAO (1).webp,Feira de São Cristóvão,Origen con extensión engañosa; JPEG derivado integrado,Galería tras párrafo de música y cultura,Los bytes originales son JPEG pese a la extensión .webp; el derivado publicado tiene extensión y codificación JPEG.,Derivado compatible disponible en preview.,CORRECTA,91198,WEBP
FOTOS/HOME/FAMILIA/FAMILIA FERIA SAO CRISTOVAO,FAMILIA FERIA SAO CRISTOVAO (3).jpg,Feira de São Cristóvão,Feira de São Cristóvão: Interior 2 (fuente externa; sin cotejo),Interior 2,Página usa URL externa homónima; contenido binario no cotejado,Confirmar identidad y fijar fuente canónica,CORRESPONDENCIA DUDOSA,481108,JPG
FOTOS/HOME/FAMILIA/FAMILIA FERIA SAO CRISTOVAO,FAMILIA FERIA SAO CRISTOVAO (1).jpg,Feira de São Cristóvão,Feira de São Cristóvão: Portada (fuente externa; sin cotejo),Portada,Página usa URL externa homónima; contenido binario no cotejado,Confirmar identidad y fijar fuente canónica,CORRESPONDENCIA DUDOSA,243520,JPG
FOTOS/HOME/FAMILIA/FAMILIA FERIA SAO CRISTOVAO,FAMILIA FERIA SAO CRISTOVAO (2).jpg,Feira de São Cristóvão,Feira de São Cristóvão: Interior 1 (fuente externa; sin cotejo),Interior 1,Página usa URL externa homónima; contenido binario no cotejado,Confirmar identidad y fijar fuente canónica,CORRESPONDENCIA DUDOSA,172102,JPG
FOTOS/HOME/FAMILIA/FAMILIA FERIA SAO CRISTOVAO,FAMILIA FERIA SAO CRISTOVAO (4).jpg,Feira de São Cristóvão,Sin uso en HTML,No aparece,Puesto de mercado redundante con las tres imágenes ya publicadas.,Puesto de mercado redundante con las tres imágenes ya publicadas.,DUPLICADA,256299,JPG
FOTOS/HOME/FAMILIA/FAMILIA parque lage,PARQL2.heic,Parque Lage,Original HEIC reemplazado en el preview por un derivado JPEG compatible,Interior 1,El original HEIC no es una fuente web compatible de forma general; su derivado JPEG sí carga.,Conservar el original y servir PARQL2.jpg en la ficha.,FORMATO INCOMPATIBLE,2254649,HEIC
FOTOS/HOME/FAMILIA/FAMILIA parque lage,2024-09-07 133241.heic,Parque Lage,Sin uso en HTML,No aparece,HEIC no usado; el mismo formato falla en la galería de Parque Lage,Revisar conversión y mapear solo si aporta,FORMATO INCOMPATIBLE,2339035,HEIC
FOTOS/HOME/FAMILIA/FAMILIA parque lage,2024-09-07 135454.heic,Parque Lage,Sin uso en HTML,No aparece,HEIC no usado; el mismo formato falla en la galería de Parque Lage,Revisar conversión y mapear solo si aporta,FORMATO INCOMPATIBLE,2692599,HEIC
FOTOS/HOME/FAMILIA/FAMILIA parque lage,lage.jpg,Parque Lage,Parque Lage: Portada,Portada,Carga en escritorio; piscina/palacete prominentes y ficha advierte restricciones,Valorar portada de jardines tras revisar los HEIC convertidos,CORRECTA (carga escritorio); editorial pendiente,451527,JPG
FOTOS/HOME/FAMILIA/FAMILIA parque lage,2024-09-07 135520.heic,Parque Lage,Sin uso en HTML,No aparece,HEIC no usado; el mismo formato falla en la galería de Parque Lage,Revisar conversión y mapear solo si aporta,FORMATO INCOMPATIBLE,3103207,HEIC
FOTOS/HOME/FAMILIA/FAMILIA parque lage,2024-09-07 134806.heic,Parque Lage,Sin uso en HTML,No aparece,HEIC no usado; el mismo formato falla en la galería de Parque Lage,Revisar conversión y mapear solo si aporta,FORMATO INCOMPATIBLE,3356370,HEIC
FOTOS/HOME/FAMILIA/FAMILIA parque lage,2024-09-07 134756.heic,Parque Lage,Sin uso en HTML,No aparece,HEIC no usado; el mismo formato falla en la galería de Parque Lage,Revisar conversión y mapear solo si aporta,FORMATO INCOMPATIBLE,2809628,HEIC
FOTOS/HOME/FAMILIA/FAMILIA parque lage,PARQLA1.heic,Parque Lage,Original HEIC reemplazado en el preview por un derivado JPEG compatible,Interior 2,El original HEIC no es una fuente web compatible de forma general; su derivado JPEG sí carga.,Conservar el original y servir PARQLA1.jpg en la ficha.,FORMATO INCOMPATIBLE,2887995,HEIC
FOTOS/HOME/FAMILIA,MINIATURA FAMILIA ernes meta kart.png,Meta Kart Indoor,Inicio Familia: Tarjeta 15,Tarjeta 15,"Miniatura visible; carga, correspondencia y recorte correctos en escritorio",Conservar original y revisar viewport móvil; optimizar entrega por tamaño,CORRECTA (escritorio),2103485,PNG
FOTOS/HOME/FAMILIA/FAMILIA barra bowlling,barra bowlling2.jpg,Barra Bowling & Grill,Barra Bowling & Grill: Interior 1 (fuente externa; sin cotejo),Interior 1,Página usa URL externa homónima; contenido binario no cotejado,Confirmar identidad y fijar fuente canónica,CORRESPONDENCIA DUDOSA,274764,JPG
FOTOS/HOME/FAMILIA/FAMILIA barra bowlling,barrabowlling44.jpg,Barra Bowling & Grill,Sin uso en HTML,No aparece,Existe en su carpeta y fue revisada visualmente; no aporta una imagen distinta o clara que justifique otra inserción.,Contabilizar y dejar sin integrar; no todas las imágenes disponibles mejoran la ficha.,CORRECTA,187992,JPG
FOTOS/HOME/FAMILIA/FAMILIA barra bowlling,barrabowlling4.jpg,Barra Bowling & Grill,Sin uso en HTML,No aparece,Existe en su carpeta y fue revisada visualmente; no aporta una imagen distinta o clara que justifique otra inserción.,Contabilizar y dejar sin integrar; no todas las imágenes disponibles mejoran la ficha.,CORRECTA,251463,JPG
FOTOS/HOME/FAMILIA/FAMILIA barra bowlling,barra bowlling22.jpg,Barra Bowling & Grill,Barra Bowling & Grill: Interior 2 (fuente externa; sin cotejo),Interior 2,Página usa URL externa homónima; contenido binario no cotejado,Confirmar identidad y fijar fuente canónica,CORRESPONDENCIA DUDOSA,203839,JPG
FOTOS/HOME/FAMILIA/FAMILIA barra bowlling,barra bowlling.jpg,Barra Bowling & Grill,Barra Bowling & Grill: Portada (fuente externa; sin cotejo),Portada,Página usa URL externa homónima; contenido binario no cotejado,Confirmar identidad y fijar fuente canónica,CORRESPONDENCIA DUDOSA,250721,JPG
FOTOS/HOME/FAMILIA/FAMILIA ATERRO DO FLAMENGO FAMILIA,FAMILIA ATERRO FLAMENGO (4).jpg,Aterro do Flamengo,Interior añadido en galería dinámica,Después del párrafo de paseo,Caminantes en sendero arbolado integrados en preview.,Integrada junto al contenido relevante; revisar recorte móvil.,CORRECTA,460656,JPG
FOTOS/HOME/FAMILIA/FAMILIA ATERRO DO FLAMENGO FAMILIA,FAMILIA ATERRO FLAMENGO (1).jpg,Aterro do Flamengo,Aterro do Flamengo: Portada,Portada,Imagen referenciada; inspección visual individual pendiente,Validar en escritorio/móvil; integrar solo si aporta contexto,PENDIENTE DE VERIFICACIÓN,134174,JPG
FOTOS/HOME/FAMILIA/FAMILIA ATERRO DO FLAMENGO FAMILIA,FAMILIA ATERRO FLAMENGO (3).jpg,Aterro do Flamengo,Aterro do Flamengo: Interior 2,Interior 2,Imagen referenciada; inspección visual individual pendiente,Validar en escritorio/móvil; integrar solo si aporta contexto,PENDIENTE DE VERIFICACIÓN,264571,JPG
FOTOS/HOME/FAMILIA/FAMILIA ATERRO DO FLAMENGO FAMILIA,FAMILIA ATERRO FLAMENGO (2).jpg,Aterro do Flamengo,Aterro do Flamengo: Interior 1,Interior 1,Imagen referenciada; inspección visual individual pendiente,Validar en escritorio/móvil; integrar solo si aporta contexto,PENDIENTE DE VERIFICACIÓN,210052,JPG
FOTOS/HOME/FAMILIA/FAMILIA jadin botanico,JARDIMB2.jpg,Jardim Botânico,Interior local 1: jardín con el Morro Dois Irmãos,"Galería, después de Historia y contexto",Archivo local de Jardim Botânico cargado en el preview; conserva su proporción original.,Mantener la fuente local y el encuadre adaptable de la galería.,CORRECTA,131440,JPG
FOTOS/HOME/FAMILIA/FAMILIA jadin botanico,jardim botanico.jpg,Jardim Botânico,Portada local del Jardim Botânico,Hero,Pérgola y sendero; imagen local cargada en el preview.,Conservar como portada; el hero mantiene cover y punto focal centrado.,CORRECTA,927369,JPG
FOTOS/HOME/FAMILIA/FAMILIA jadin botanico,JARDIMB3.jpg,Jardim Botânico,Interior local 2: palmeras imperiales,"Galería, después del jardín",Archivo local de Jardim Botânico cargado en el preview; conserva su proporción original.,Mantener la fuente local y el encuadre adaptable de la galería.,CORRECTA,134513,JPG
FOTOS/HOME/FAMILIA/FAMILIA bioparque,bio parque rio familia  (1).jpg,BioParque,BioParque: Portada,Portada,Imagen cargada en escritorio; la galería conserva la proporción completa y el tema corresponde al BioParque.,Conservar. La verificación de viewport móvil queda indicada en el plan de encuadres.,CORRECTA,275123,JPG
FOTOS/HOME/FAMILIA/FAMILIA bioparque,bio parque rio familia  (3).jpg,BioParque,BioParque: Interior 2,Interior 2,Imagen cargada en escritorio; la galería conserva la proporción completa y el tema corresponde al BioParque.,Conservar. La verificación de viewport móvil queda indicada en el plan de encuadres.,CORRECTA,173574,JPG
FOTOS/HOME/FAMILIA/FAMILIA bioparque,bio parque rio familia  (5).jpg,BioParque,Sin uso en HTML,No aparece,"Otra vista del bote del lago, parecida a Interior 2.","Otra vista del bote del lago, parecida a Interior 2.",DUPLICADA,495360,JPG
FOTOS/HOME/FAMILIA/FAMILIA bioparque,bio parque rio familia  (7).jpg,BioParque,Interior añadido en galería dinámica,Después del texto sobre animales,Imagen cargada en escritorio; la galería conserva la proporción completa y el tema corresponde al BioParque.,Conservar. La verificación de viewport móvil queda indicada en el plan de encuadres.,CORRECTA,245098,JPG
FOTOS/HOME/FAMILIA/FAMILIA bioparque,bio parque rio familia  (2).jpg,BioParque,BioParque: Interior 1,Interior 1,Imagen cargada en escritorio; la galería conserva la proporción completa y el tema corresponde al BioParque.,Conservar. La verificación de viewport móvil queda indicada en el plan de encuadres.,CORRECTA,192721,JPG
FOTOS/HOME/FAMILIA/FAMILIA bioparque,bio parque rio familia  (8).jpg,BioParque,Interior añadido en galería dinámica,Después de la imagen del león,Imagen cargada en escritorio; la galería conserva la proporción completa y el tema corresponde al BioParque.,Conservar. La verificación de viewport móvil queda indicada en el plan de encuadres.,CORRECTA,272721,JPG
FOTOS/HOME/FAMILIA/FAMILIA bioparque,bio parque rio familia  (4).jpg,BioParque,Sin uso en HTML,No aparece,Existe en su carpeta y fue revisada visualmente; no aporta una imagen distinta o clara que justifique otra inserción.,Contabilizar y dejar sin integrar; no todas las imágenes disponibles mejoran la ficha.,CORRECTA,839662,JPG
FOTOS/HOME/FAMILIA/FAMILIA bioparque,bio parque rio familia  (6).jpg,BioParque,Sin uso en HTML,No aparece,Existe en su carpeta y fue revisada visualmente; no aporta una imagen distinta o clara que justifique otra inserción.,Contabilizar y dejar sin integrar; no todas las imágenes disponibles mejoran la ficha.,CORRECTA,593086,JPG
FOTOS/HOME/FAMILIA,MINIATURA FAMILIA ernes escape 60.png,Escape 60 Copacabana,Inicio Familia: Tarjeta 13,Tarjeta 13,"Miniatura visible; carga, correspondencia y recorte correctos en escritorio",Conservar original y revisar viewport móvil; optimizar entrega por tamaño,CORRECTA (escritorio),2082287,PNG
FOTOS/HOME/FAMILIA,MINIATURA FAMILIA ernes lagoa rodrigo.png,Lagoa Rodrigo de Freitas,Inicio Familia: Tarjeta 16,Tarjeta 16,"Miniatura visible; carga, correspondencia y recorte correctos en escritorio",Conservar original y revisar viewport móvil; optimizar entrega por tamaño,CORRECTA (escritorio),2534526,PNG
FOTOS/HOME/FAMILIA,MINIATURA FAMILIA ernes bio parque.png,BioParque,Inicio Familia: Tarjeta 1,Tarjeta 1,"Miniatura visible; carga, correspondencia y recorte correctos en escritorio",Conservar original y revisar viewport móvil; optimizar entrega por tamaño,CORRECTA (escritorio),2854992,PNG
FOTOS/HOME/FAMILIA,MINIATURA FAMILIA ernes aterro flamengo.png,Aterro do Flamengo,Inicio Familia: Tarjeta 19,Tarjeta 19,"Miniatura visible; carga, correspondencia y recorte correctos en escritorio",Conservar original y revisar viewport móvil; optimizar entrega por tamaño,CORRECTA (escritorio),2640627,PNG
FOTOS/HOME/FAMILIA,MINIATURA FAMILIA ernes bowling.png,Barra Bowling & Grill,Inicio Familia: Tarjeta 14,Tarjeta 14,"Miniatura visible; carga, correspondencia y recorte correctos en escritorio",Conservar original y revisar viewport móvil; optimizar entrega por tamaño,CORRECTA (escritorio),2173650,PNG
FOTOS/HOME/FAMILIA,MINIATURA FAMILIA ernes carnaval experience.png,Carnaval Experience,Inicio Familia: Tarjeta 6,Tarjeta 6,"Miniatura visible; carga, correspondencia y recorte correctos en escritorio",Conservar original y revisar viewport móvil; optimizar entrega por tamaño,CORRECTA (escritorio),2740041,PNG
FOTOS/HOME/FAMILIA,MINIATURA FAMILIA ernes jardim botanico.png,Jardim Botânico,Inicio Familia: Tarjeta 8,Tarjeta 8,"Miniatura visible; carga, correspondencia y recorte correctos en escritorio",Conservar original y revisar viewport móvil; optimizar entrega por tamaño,CORRECTA (escritorio),2883034,PNG
FOTOS/HOME/FAMILIA/FAMILIA CATACUMBA,CATACUMBAS (3).jpg,Parque da Catacumba,Sin uso en HTML,No aparece,Existe en su carpeta y fue revisada visualmente; no aporta una imagen distinta o clara que justifique otra inserción.,Contabilizar y dejar sin integrar; no todas las imágenes disponibles mejoran la ficha.,CORRECTA,485560,JPG
FOTOS/HOME/FAMILIA/FAMILIA CATACUMBA,CATACUMBAS (1).jpg,Parque da Catacumba,Parque da Catacumba: Interior 1,Interior 1,Imagen referenciada; inspección visual individual pendiente,Validar en escritorio/móvil; integrar solo si aporta contexto,PENDIENTE DE VERIFICACIÓN,734765,JPG
FOTOS/HOME/FAMILIA/FAMILIA CATACUMBA,YO CATACUMBAS (2).jpg,Parque da Catacumba,Sin uso en HTML,No aparece,Existe en su carpeta y fue revisada visualmente; no aporta una imagen distinta o clara que justifique otra inserción.,Contabilizar y dejar sin integrar; no todas las imágenes disponibles mejoran la ficha.,CORRECTA,114553,JPG
FOTOS/HOME/FAMILIA/FAMILIA CATACUMBA,CATACUMBAS (4).jpg,Parque da Catacumba,Sin uso en HTML,No aparece,Existe en su carpeta y fue revisada visualmente; no aporta una imagen distinta o clara que justifique otra inserción.,Contabilizar y dejar sin integrar; no todas las imágenes disponibles mejoran la ficha.,CORRECTA,533297,JPG
FOTOS/HOME/FAMILIA/FAMILIA CATACUMBA,YO CATACUMBAS (1).jpg,Parque da Catacumba,Sin uso en HTML,No aparece,Existe en su carpeta y fue revisada visualmente; no aporta una imagen distinta o clara que justifique otra inserción.,Contabilizar y dejar sin integrar; no todas las imágenes disponibles mejoran la ficha.,CORRECTA,75248,JPG
FOTOS/HOME/FAMILIA/FAMILIA CATACUMBA,CATACUMBAS (2).jpg,Parque da Catacumba,Parque da Catacumba: Interior 2,Interior 2,Imagen referenciada; inspección visual individual pendiente,Validar en escritorio/móvil; integrar solo si aporta contexto,PENDIENTE DE VERIFICACIÓN,187294,JPG
FOTOS/HOME/FAMILIA/FAMILIA CATACUMBA,CATAC1.jpg,Parque da Catacumba,Parque da Catacumba: Portada,Portada,Imagen referenciada; inspección visual individual pendiente,Validar en escritorio/móvil; integrar solo si aporta contexto,PENDIENTE DE VERIFICACIÓN,39075,JPG
FOTOS/HOME/FAMILIA,MINIATURA FAMILIA ernes planetario.png,Planetario,Inicio Familia: Tarjeta 3,Tarjeta 3,"Miniatura visible; carga, correspondencia y recorte correctos en escritorio",Conservar original y revisar viewport móvil; optimizar entrega por tamaño,CORRECTA (escritorio),2384991,PNG
FOTOS/HOME/FAMILIA/FAMILIA ilha fiscal,FB_IMG_1696133943368(1).jpg,Ilha Fiscal,Interior local: fachada del palacio entre palmeras,"Galería, después de Historia y contexto",Vista vertical distinta del palacio; cargada en el preview y conserva su proporción.,Conservar como única imagen interior para evitar repetir la portada.,CORRECTA,97180,JPG
FOTOS/HOME/FAMILIA/FAMILIA ilha fiscal,ILHAF2.jpg,Ilha Fiscal,Portada local: palacio de Ilha Fiscal,Hero,Palacio de Ilha Fiscal cargado en el preview; identidad visual confirmada.,Usar como portada local; mantener el punto focal centrado.,CORRECTA,83983,JPG
FOTOS/HOME/FAMILIA/FAMILIA hotzone,hotzone barra3.jpg,HotZone BarraShopping,HotZone BarraShopping: Interior 1,Interior 1,Imagen referenciada; inspección visual individual pendiente,Validar en escritorio/móvil; integrar solo si aporta contexto,PENDIENTE DE VERIFICACIÓN,281806,JPG
FOTOS/HOME/FAMILIA/FAMILIA hotzone,hot zone barra 2.png,HotZone BarraShopping,HotZone BarraShopping: Interior 2,Interior 2,Imagen referenciada; inspección visual individual pendiente,Validar en escritorio/móvil; integrar solo si aporta contexto,PENDIENTE DE VERIFICACIÓN,1548430,PNG
FOTOS/HOME/FAMILIA/FAMILIA hotzone,hotzone barra 1.jpg,HotZone BarraShopping,HotZone BarraShopping: Portada,Portada,Imagen referenciada; inspección visual individual pendiente,Validar en escritorio/móvil; integrar solo si aporta contexto,PENDIENTE DE VERIFICACIÓN,220859,JPG
FOTOS/HOME/FAMILIA/FAMILIA MARACANA,FAMILIA MARACANA (1).avif,Maracanã Tour,Interior añadido en galería dinámica,Galería tras sección de experiencia,"Vista aérea en AVIF integrada; carga confirmada por existencia del archivo en host, no validación de navegador.",Revisar decodificación en navegadores objetivo.,PENDIENTE DE VERIFICACIÓN,224089,AVIF
FOTOS/HOME/FAMILIA/FAMILIA MARACANA,FAMILIA MARACANA (2).jpg,Maracanã Tour,Maracanã Tour: Interior 1,Interior 1,Imagen referenciada; inspección visual individual pendiente,Validar en escritorio/móvil; integrar solo si aporta contexto,PENDIENTE DE VERIFICACIÓN,67088,JPG
FOTOS/HOME/FAMILIA/FAMILIA MARACANA,FAMILIA MARACANA (3).jpg,Maracanã Tour,Maracanã Tour: Interior 2,Interior 2,Imagen referenciada; inspección visual individual pendiente,Validar en escritorio/móvil; integrar solo si aporta contexto,PENDIENTE DE VERIFICACIÓN,1208877,JPG
FOTOS/HOME/FAMILIA/FAMILIA MARACANA,FAMILIA MARACANA (2).avif,Maracanã Tour,Interior añadido en galería dinámica,Galería tras sección de experiencia,"Exposición histórica en AVIF integrada; carga confirmada por existencia del archivo en host, no validación de navegador.",Revisar decodificación en navegadores objetivo.,PENDIENTE DE VERIFICACIÓN,100371,AVIF
FOTOS/HOME/FAMILIA/FAMILIA MARACANA,FAMILIA MARACANA (1).jpg,Maracanã Tour,Maracanã Tour: Portada,Portada,Imagen referenciada; inspección visual individual pendiente,Validar en escritorio/móvil; integrar solo si aporta contexto,PENDIENTE DE VERIFICACIÓN,530196,JPG
FOTOS/HOME/FAMILIA,MINIATURA FAMILIA ernes catacumba.png,Parque da Catacumba,Inicio Familia: Tarjeta 10,Tarjeta 10,"Miniatura visible; carga, correspondencia y recorte correctos en escritorio",Conservar original y revisar viewport móvil; optimizar entrega por tamaño,CORRECTA (escritorio),2735068,PNG
FOTOS/HOME/FAMILIA,MINIATURA FAMILIA ernes jardin palacio catete.png,Jardines del Palácio do Catete,Inicio Familia: Tarjeta 21,Tarjeta 21,"Miniatura visible; carga, correspondencia y recorte correctos en escritorio",Conservar original y revisar viewport móvil; optimizar entrega por tamaño,CORRECTA (escritorio),2869198,PNG
res.cloudinary.com,portada_ilha_fiscal.jpg,Ilha Fiscal,Fuente externa antigua retirada del renderizado,Sustituida por fotografía local,La fuente externa fallaba en el preview. Se sustituyó por dos fotografías locales del palacio.,No volver a publicar el enlace externo; la ficha muestra las imágenes locales de Ilha Fiscal.,ENLACE ROTO,,EXTERNA
res.cloudinary.com,WhatsApp_Image_2026-09-07_at_08.52.17_1.jpg,Ilha Fiscal,Fuente externa antigua retirada del renderizado,Sustituida por fotografía local,La fuente externa fallaba en el preview. Se sustituyó por dos fotografías locales del palacio.,No volver a publicar el enlace externo; la ficha muestra las imágenes locales de Ilha Fiscal.,ENLACE ROTO,,EXTERNA
ernestinho-images.lacasadelsushi-rg.workers.dev,barra bowlling.jpg,Barra Bowling & Grill,Barra Bowling & Grill: Portada,Portada,Fuente externa: carga/equivalencia con original pendientes,"Validar carga, identidad y peso; fijar fuente canónica",PENDIENTE DE VERIFICACIÓN,,EXTERNA
ernestinho-images.lacasadelsushi-rg.workers.dev,barra bowlling2.jpg,Barra Bowling & Grill,Barra Bowling & Grill: Interior 1,Interior 1,Fuente externa: carga/equivalencia con original pendientes,"Validar carga, identidad y peso; fijar fuente canónica",PENDIENTE DE VERIFICACIÓN,,EXTERNA
ernestinho-images.lacasadelsushi-rg.workers.dev,barra bowlling22.jpg,Barra Bowling & Grill,Barra Bowling & Grill: Interior 2,Interior 2,Fuente externa: carga/equivalencia con original pendientes,"Validar carga, identidad y peso; fijar fuente canónica",PENDIENTE DE VERIFICACIÓN,,EXTERNA
ernestinho-images.lacasadelsushi-rg.workers.dev,FAMILIA PALACIO CATETE (1).jpg,Jardines del Palácio do Catete,Jardines del Palácio do Catete: Portada,Portada,Fuente externa: carga/equivalencia con original pendientes,"Validar carga, identidad y peso; fijar fuente canónica",PENDIENTE DE VERIFICACIÓN,,EXTERNA
ernestinho-images.lacasadelsushi-rg.workers.dev,FAMILIA PALACIO CATETE (2).jpg,Jardines del Palácio do Catete,Jardines del Palácio do Catete: Interior 1,Interior 1,Fuente externa: carga/equivalencia con original pendientes,"Validar carga, identidad y peso; fijar fuente canónica",PENDIENTE DE VERIFICACIÓN,,EXTERNA
ernestinho-images.lacasadelsushi-rg.workers.dev,FAMILIA PALACIO CATETE (3).jpg,Jardines del Palácio do Catete,Jardines del Palácio do Catete: Interior 2,Interior 2,Fuente externa: carga/equivalencia con original pendientes,"Validar carga, identidad y peso; fijar fuente canónica",PENDIENTE DE VERIFICACIÓN,,EXTERNA
res.cloudinary.com,CARNAVALE23.heic,Carnaval Experience,Referencia antigua rota; el preview cambia la imagen por el JPEG local correcto y mueve la figura a la sección de experiencia.,Interior 2,URL Cloudinary rota retirada del renderizado; sustituida por la imagen local del espacio dedicado a Zeca Pagodinho.,Mantener la sustitución JPEG local y no volver a exponer la URL rota.,ENLACE ROTO,,EXTERNA
ernestinho-images.lacasadelsushi-rg.workers.dev,FAMILIA FERIA SAO CRISTOVAO (1).jpg,Feira de São Cristóvão,Feira de São Cristóvão: Portada,Portada,Fuente externa: carga/equivalencia con original pendientes,"Validar carga, identidad y peso; fijar fuente canónica",PENDIENTE DE VERIFICACIÓN,,EXTERNA
ernestinho-images.lacasadelsushi-rg.workers.dev,FAMILIA FERIA SAO CRISTOVAO (2).jpg,Feira de São Cristóvão,Feira de São Cristóvão: Interior 1,Interior 1,Fuente externa: carga/equivalencia con original pendientes,"Validar carga, identidad y peso; fijar fuente canónica",PENDIENTE DE VERIFICACIÓN,,EXTERNA
ernestinho-images.lacasadelsushi-rg.workers.dev,FAMILIA FERIA SAO CRISTOVAO (3).jpg,Feira de São Cristóvão,Feira de São Cristóvão: Interior 2,Interior 2,Fuente externa: carga/equivalencia con original pendientes,"Validar carga, identidad y peso; fijar fuente canónica",PENDIENTE DE VERIFICACIÓN,,EXTERNA
res.cloudinary.com,portada_jardim_botanico.jpg,Jardim Botânico,Fuente externa antigua retirada del renderizado,Sustituida por fotografía local,La fuente externa fallaba en el preview. Se sustituyó por la fotografía local correspondiente y comprobada.,No volver a publicar el enlace externo; la ficha usa las tres imágenes locales de la carpeta Jardim Botânico.,ENLACE ROTO,,EXTERNA
res.cloudinary.com,JARDIMB2.jpg,Jardim Botânico,Fuente externa antigua retirada del renderizado,Sustituida por fotografía local,La fuente externa fallaba en el preview. Se sustituyó por la fotografía local correspondiente y comprobada.,No volver a publicar el enlace externo; la ficha usa las tres imágenes locales de la carpeta Jardim Botânico.,ENLACE ROTO,,EXTERNA
res.cloudinary.com,JARDIMB3.jpg,Jardim Botânico,Fuente externa antigua retirada del renderizado,Sustituida por fotografía local,La fuente externa fallaba en el preview. Se sustituyó por la fotografía local correspondiente y comprobada.,No volver a publicar el enlace externo; la ficha usa las tres imágenes locales de la carpeta Jardim Botânico.,ENLACE ROTO,,EXTERNA
ernestinho-images.lacasadelsushi-rg.workers.dev,ESCAPE 60 (1).jpg,Escape 60 Copacabana,Escape 60 Copacabana: Portada,Portada,Fuente externa: carga/equivalencia con original pendientes,"Validar carga, identidad y peso; fijar fuente canónica",PENDIENTE DE VERIFICACIÓN,,EXTERNA
ernestinho-images.lacasadelsushi-rg.workers.dev,ESCAPE 60 (2).jpg,Escape 60 Copacabana,Escape 60 Copacabana: Interior 1,Interior 1,Fuente externa: carga/equivalencia con original pendientes,"Validar carga, identidad y peso; fijar fuente canónica",PENDIENTE DE VERIFICACIÓN,,EXTERNA
ernestinho-images.lacasadelsushi-rg.workers.dev,ESCAPE 60 (3).jpg,Escape 60 Copacabana,Escape 60 Copacabana: Interior 2,Interior 2,Fuente externa: carga/equivalencia con original pendientes,"Validar carga, identidad y peso; fijar fuente canónica",PENDIENTE DE VERIFICACIÓN,,EXTERNA
FOTOS/HOME,PORTADA FAMILIAS.png,Familia — portada social,Open Graph/Twitter; no aparece como etiqueta img,Tarjeta al compartir,La fila del inventario apunta a este recurso; archivo no verificado en la carpeta de fotos Familia,Comprobar carga y dimensión al revisar la portada social,PENDIENTE DE VERIFICACIÓN,,PNG
FOTOS/HOME/FAMILIA/FAMILIA parque lage,PARQL2.jpg,Parque Lage,"Interior 1; JPEG derivado de PARQL2.heic, ya servido por el preview",Galería posterior a Historia y contexto,El enlace HEIC anterior falla en navegadores sin decodificador HEIC.,"Mantener derivado JPEG; imagen panorámica 2200×1228, sin deformación.",CORRECTA,772807,JPEG
FOTOS/HOME/FAMILIA/FAMILIA parque lage,PARQLA1.jpg,Parque Lage,"Interior 2; JPEG derivado de PARQLA1.heic, ya servido por el preview",Galería posterior a Historia y contexto,El enlace HEIC anterior falla en navegadores sin decodificador HEIC.,Mantener derivado JPEG; comprobar el recorte final en móvil y escritorio.,CORRECTA,873551,JPEG
FOTOS/HOME/FAMILIA/FAMILIA CARNAVAL EXPERIENCE FAMILIA,CARNAVAL EXPERIENCE PARA FAMILIA.jpg,Carnaval Experience,Interior 3; derivado JPEG del original HEIC confirmado por Ernesto,Galería después de «Qué vas a vivir aquí»,La fuente HEIC no es apta para publicación directa en todos los navegadores.,Conservar JPEG; ALT describe el espacio dedicado a Zeca Pagodinho según confirmación del propietario.,CORRECTA,759063,JPEG
